gameId,puuid,championId,championName,teamId,lane,kills,deaths,assists,physicalDamageDone,magicDamageDone,objectiveDamage,item0,item1,item2,item3,item4,item5,item6
3963323107,4hzHvIfjfNJz2iIBe-JcKqaBLOBEIm8IiLVmkyEQ1f3ux5YnjnQYx7c_266azPwuNBU7x2HEAuKG9A,17,Teemo,blue,TOP,3,2,5,2418,8189,22694,3115,1056,2420,3006,4633,0,3363
3963323107,BRZ7jHMdw4sUI5S99NrixonSM7o3X9rXe6mPCIcKrE-P2R1azEz2f4WqS2KpE-o3NJsd5dyAHqekhA,33,Rammus,blue,JUNGLE,7,4,14,2279,8794,14344,6664,3047,2055,3075,1029,1028,3364
3963323107,yQchwIRehNyAXwh-sLYAEPQ_fzHYP9CxQ9izURKrnyzB9jucltatzX0ELZvEe68VuuHBnWMcUaJQCQ,236,Lucian,blue,MIDDLE,5,5,4,9675,641,1673,6671,2031,6694,2055,0,1001,3363
3963323107,KLWE4uM9TBCYt3BkpGmfFS7SbYExXoSW35vODEvQQb3ymtFkwjnmLxk-eNGvL78lRgjwau0l36YQcA,115,Ziggs,blue,BOTTOM,6,3,14,1072,16166,34695,6655,3089,3020,3040,0,0,3340
3963323107,6qSWESEXYrXcoQV_YIQW1Fcg7lw4vKG31dXNI82sbokxyuoWgJcZjEe_WzVHVAiIwT1S4lkSnmHPmA,235,Senna,blue,BOTTOM,12,3,13,33786,0,9857,3864,6632,3047,3179,6695,0,3364
3963323107,4P4b_3C-UUCjqUdTf7XSHDxdk3dzNhN_Ui-q2HLiM9CuIKr1u-xqp4nxA6lKX8GWCVBZ-fkGll-36Q,266,Aatrox,red,TOP,7,7,2,12897,0,1836,6630,2031,3053,3111,1054,1028,3340
3963323107,unD3GbD5F6Vtu7Ce4ePuhSdDcTNGx5OA19dc3VqvmpfE_PrmILO76J0QaU-I1qLI-3Y08PLoKM-uXQ,120,Hecarim,red,JUNGLE,3,5,9,7783,1299,6969,3053,1028,2031,3158,1036,6632,3364
3963323107,6Mayyr7uHayo85xqPLwsVzRyBDnOeVyaZyD8oxvEDDe6sN0KzhezpAYHELPfcxOBPlzh4tJhYgTIbg,245,Ekko,red,MIDDLE,5,9,6,1317,7769,3580,3152,3089,1082,1052,3020,0,3340
3963323107,uHGJM2xPROrAHJ5syD48Y7eS3Q_eALXy8nmvVA7CiTFM6_RW9EQLZeIDWgbfvHH3PZq102zPO2JZLQ,157,Yasuo,red,BOTTOM,2,7,6,3758,248,2267,1055,3006,6673,3086,0,0,3363
3963323107,kWugmCfa3UL_pWu-lhrrFOwmX1a1uLpdX6MUD6SUeSXI_tOGHQVrSRh6v2ZlF8TQUCrU0p_W6THg4Q,432,Bard,red,BOTTOM,0,5,7,1054,3562,216,3853,3190,2055,0,1028,3158,3364
3962953765,98ipRHlylxH-R35JDs0uex3Tu97Eyk424TexzBKSByDjEVSgQr5-XMaRetu16Z-23e_0HR1zGi1fSw,82,Mordekaiser,blue,TOP,1,2,4,1100,6765,6932,4637,4633,2055,3076,1082,3047,3340
3962953765,vBcD76xdOYt8MuAXoU8gaShtFCw2pDcT_js7n7iD75y_f155jMS8DlG2xKHg557uxXSMamdo1jLUAw,106,Volibear,blue,JUNGLE,8,2,7,8241,3583,35496,6632,2421,1082,3742,3211,3158,3364
3962953765,sJ5sq9ZO6dzPx3vTdhbuG1o7KfBmJyRlXOPlMkLy_18mUq60ktrx3sqOizZsB0wyuf-zx6urArqzsg,42,Corki,blue,BOTTOM,5,1,12,2072,11845,16260,6632,3042,1038,3086,2015,3020,3364
3962953765,08xvyFRnvUHt1d8_slKqoLatiIpjALG1hBqBBEy_uVLIXzccCQOnTQn7xzEmwn1qzvGMUlxbDqlHRQ,222,Jinx,blue,BOTTOM,3,4,6,6354,165,18362,3046,2420,6672,1036,1055,3006,3363
3962953765,g4F_kVJ9EUm2kUK01xdqWL2GuJlimbVoSfVTG8amYXLotJvskicYE8MafoGEfror_3o53jIViCcnHg,37,Sona,blue,BOTTOM,4,1,14,1128,6818,5310,3853,3070,3158,2055,6617,3011,3364
3962953765,3TyYaaRvnjzaYVK1oaZm_tYCEnk_5PNn9fx5AfMgIW-bZ_pONylV1cPWE1gsX_CMLTBbifMU4l2LrQ,875,Sett,red,TOP,2,3,1,8636,153,2132,6631,0,0,0,3153,3111,3340
3962953765,bPaF1hGNWpjoTIYFX5pDkF34rozTQglSZZIX6rqaAmffKvhymXLE_YRbNV5EIwferAeBJ6fJo1IV2g,5,XinZhao,red,JUNGLE,3,10,4,8846,649,3888,6630,1037,2031,3044,1028,3047,3364
3962953765,Phm6ZGkNhtMAwsrU7hYQ1MurtLr07q_Ns9P09RtYtetahLfwPhZHu39KHIbfe9M3TEhLyf3qoYzlVw,38,Kassadin,red,MIDDLE,5,4,1,878,11704,2870,1082,3157,3070,3020,6655,1052,3363
3962953765,4AvFSIMol2kdlmosrYJb3r01ZdGmDLrgT1Tku1V-v0rnSLfy8UZRnNoaM1VvsSNOBS0g5LpumYRHLg,81,Ezreal,red,BOTTOM,0,2,6,7049,4817,3118,3123,2031,3070,1054,6632,3158,3363
3962953765,aIvh6KBrR7TlGmqHJPH-KZgAd7IXeAevffY_cjTTIvt3z-IqNWBNNCKVnA8t_WJRlm1lWIJrHnZ1Xg,350,Yuumi,red,BOTTOM,0,2,8,756,2872,548,2055,3853,2065,1057,3114,0,3364
3965354887,mvVcHNwcEEZu8aZ6QMN0FsqmcnUIG_1ysZAEx5Nn_xZaaf22GEBoUpf-z6Q2gj_3bv7XqRYYuzA8vA,64,LeeSin,blue,NONE,7,1,2,7217,3374,4541,6630,0,3053,1036,1055,3158,3340
3965354887,Pb_qITMnKS1QCdYDX8l4vNJQlj097L-aV6JopMMKvgNE8sxRUmfG-Be7P4DDYoV96WpEdtmTMxrZ8g,121,Khazix,blue,NONE,8,2,6,10066,1012,19191,6691,2055,1036,1001,3814,0,3364
3965354887,RmIejYkYTsVb2HT9Bg_uTQILs4anGtHKZsJwF1Ydq_brsf7O_pozr16HFOl83ybC_bjnSGexz6s_9A,112,Viktor,blue,NONE,1,0,1,656,6609,1416,2031,3802,1001,1056,1082,3070,3340
3965354887,B_LkpI8zRGfDuNa94FRd6ly55vkLiNOLOyxt62CX7lHpUpNUl_StIJASUUX_smK-0Q5lPVM3i_0xVA,96,KogMaw,blue,NONE,3,2,6,3392,4096,2321,3091,2031,3086,0,1055,3006,3340
3965354887,_0a1OWG1Crkw27ASuMO8KFND_I7gUPWYOs7j6aHNi2abP3lqEdFMnnTX-hyqEIcsBxZKE0_AXe6ycQ,117,Lulu,blue,NONE,3,2,7,507,2311,1409,3851,2055,2031,2065,3158,1004,3364
3965354887,lTRYxj8IQ6tO8bKnJygqUniKl2LSmji6DQIB9Radr5x-QI_n8mkljgr2xxvll1zluT_TbS2Ot3bp1Q,516,Ornn,red,NONE,2,7,0,2533,4672,983,1054,2055,3076,3047,1029,6660,3340
3965354887,aqrZJ8X7hmHs7P3fLblEOaa85zyubVrqhmto_2zvUP--9kYy4FPkoZV9z7trVkqyIQn7SB24LeuJzg,203,Kindred,red,NONE,4,4,0,5771,891,3038,1037,3047,0,6670,3134,0,3364
3965354887,m7gH8mKNuUqlDcCbtL_Gxqv9kMobckuXrrlOiIdqsDMR4KfQ4kyfi6eLi0uoSr9KXvCVEY69QjkSbA,8,Vladimir,red,NONE,0,3,0,505,2203,60,1082,2031,1028,1026,3020,1052,3340
3965354887,rImByvtsjCf4jx9sKd_9T6qQ8M0QCNE00AuvSmnkbo1VoW_c_QjJke-b_u1azjOVRxLeqymaFfoc5g,222,Jinx,red,NONE,0,5,4,3822,207,1289,1055,1037,3006,6670,1018,0,3340
3965354887,TzBhJdcT6TEzwFoRetaaK4oje98rvFIl3CBvYh98j8P884Gfr6KdMgKYoUCKVb_lCw1fgV45mGNv8g,37,Sona,red,NONE,1,3,4,1051,2001,433,3851,3067,0,3158,4642,0,3364
3960738400,5LFix639cC8818A8DtCmqIEvc1JCumlMVay5YjLGGrDbu6o64PjaVd9rvQyGKVuztEE6hYgHCylw_w,82,Mordekaiser,blue,NONE,1,6,2,1260,4048,133,1054,4635,1001,3076,0,0,3340
3960738400,Scjhg9Arg0S1AbM9Or_eM02xrVteQEXW0_jg-y_BPFYfcU-LOclEBcf9Ho06NJXxV68o9hvghkgotw,56,Nocturne,blue,NONE,3,2,1,4331,424,2535,6631,1001,1036,2031,0,0,3364
3960738400,fMQFupnfYTqZGEHAEHvazVCT9DWC_APtI51CnfpnBnZ9Ae7WUojZ_fxWx7A0Z15I1sn4XYbDxwVS0w,58,Renekton,blue,NONE,2,5,3,3809,285,874,6631,2031,1028,1001,0,1055,3340
3960738400,14j7EAGCJ-IPD2Tak1_j8DByGBdVomjQLFwiV-qS8ZhkpDFZO0OBGtxqICdB6Oc4pvRGUlEqiuWqVg,145,Kaisa,blue,NONE,0,4,1,3437,880,295,6670,1055,1001,0,2031,1037,3340
3960738400,Dgtw-aF4vOj2XwXABJb-awONchPko7mbj9HeewrriiMim0jdlhP_tKZZQkZ8Vcgqs4lndgtWhyv9ew,3,Galio,blue,NONE,2,4,2,44,1987,0,3858,2031,3067,2055,1029,3158,3364
3960738400,QxyK0Ty93zcELKxs3YEKOAqfmCWJ2SqsP-c3r90TG0nMGqKqCQ08YzmNHAvoS1730srexww5Oqtnnw,19,Warwick,red,NONE,4,3,3,2949,4176,734,1055,3153,3047,1036,2031,0,3340
3960738400,tfJP-T_bX6c9OtFZCdSuzvbMpB1H2BZIqUWcsEllDk2BVWszv307GPzsoQ7u9-Yjf46wmkypo3YWdg,427,Ivern,red,NONE,4,1,7,1437,1220,15156,6617,2031,2055,3041,1004,3158,3513
3960738400,QvgmR1YZPPcL7qSLGWL1BwPozkcgq_Mt_FDcfZPsNtRep6yyk_sPTGrlag-GKdZRSVsRL4PyOQdniA,157,Yasuo,red,NONE,4,1,4,6641,608,3508,2055,6673,1036,3086,3006,1055,3340
3960738400,Kl-BbONAy59iREhvTNJLTaguL502FgOgNNcNoZdZ8AidvjJhHoQfVOaCGs0pNusdvirpNWtZKY2w1g,67,Vayne,red,NONE,8,0,1,8734,7,5160,3153,2003,6673,1042,3006,1055,3363
3960738400,80e5WbWBf6phi_zj-IP0_eyGbmUqe8JpxKBU1nPlHbfdTgO4KadE8dDUFZGZsRB8yf8zhFWj2VeZxw,12,Alistar,red,NONE,1,3,11,544,1794,853,2065,3859,0,3117,0,0,3364
3963627425,4IJ71xGBiMiOPhmsg5f0NMPOR3LkdlMHNRSVysY2ykhQtgqMd4KThixYIoCRZsRHbB9iGHShkGUv9w,6,Urgot,blue,TOP,5,2,8,12458,305,11059,3047,3748,3071,0,0,2033,3340
3963627425,unD3GbD5F6Vtu7Ce4ePuhSdDcTNGx5OA19dc3VqvmpfE_PrmILO76J0QaU-I1qLI-3Y08PLoKM-uXQ,64,LeeSin,blue,JUNGLE,11,1,9,11293,2635,11366,6630,1031,0,3111,3053,0,3340
3963627425,CCx1wkGCGRine86hxHnHHa-KUnZx-Eqju9dfnZzBmPQJYACtzAOyr5ljoPXDuZ9c_yZZh5OVV1G37g,777,Yone,blue,MIDDLE,4,4,3,6711,1925,1186,2031,3006,6673,1037,0,1054,3363
3963627425,74rmCv-hf0GBxG84sBujOopUkuLzHKPPOght1fvYEBwqBAaBSylGudV_BQIaD6uezClL3Kf7BbR9Iw,18,Tristana,blue,MIDDLE,8,5,12,12217,942,2858,1055,3046,6672,3006,3035,1018,3363
3963627425,-d6xvL8iSg_dKoUnNTdPWYQsLZuoLAAV4bWKtfnhldMEQjnAEq_nwe-rMSoeHqbEjvswU9mVNo_5BA,412,Thresh,blue,BOTTOM,1,5,18,953,3541,59,3857,2031,2055,3190,1028,3117,3364
3963627425,BBXdNJXeGPPcf1jypFQkrYe230p3zBl4ujIdMQzDEbAdWM5bE6U3xnCiAp5Qg5FyGFg6cBA0gyqC6w,56,Nocturne,red,JUNGLE,3,4,1,10592,1279,3106,3143,6631,2033,3047,1055,0,3340
3963627425,0HrnES40wuOR87vZNU2FkBbu8Sj7GB6v1ZBSG8RH_O9o1WjgFF60KM5oSJkEIru7-_-0E3T2Rmajzg,131,Diana,red,JUNGLE,6,5,5,1414,9382,28294,0,3152,3157,1082,3916,3047,3364
3963627425,OplyMkaaZaPhgVgpxgHzK_ht2ePokHjjinKpD4sO6dYIBGb-ATRg8SqrARh9ym_PyEi5ZGK-pf0zPw,517,Sylas,red,TOP,2,8,3,400,11377,519,3191,2055,6656,3158,0,1082,3340
3963627425,kzSgQf3JRgSRNR7_EYvRrrfasjaaqXJDKSj3t55XpconFhmZZ6cyc4IpQoq5RQ7oRfsOBsIoLnX0zQ,429,Kalista,red,BOTTOM,3,5,5,10359,0,3515,6673,3085,0,3006,0,1055,3363
3963627425,oHmLQTr3OipPem1LZoahxCzqInLjeflhGK7Wgj2Icjz4f_wN1Apoo1r9HKftJvODdaL5n6-jsmfseQ,111,Nautilus,red,BOTTOM,3,7,6,1291,3335,233,3860,3190,2055,3076,3047,0,3364
3965090810,GskTvx8OT2u8r4ysCG1KEMekjEebYA8YZ7hxRKkrGQqomsqkrnQsRZ-utQrDjiwN-SerZmBcaWeblw,14,Sion,blue,TOP,10,4,3,7986,5499,5430,2033,3068,3047,3075,0,0,3340
3965090810,qScnsjtpXSc5vIeFCXRqK-1AZhUl7at2ijdX51ReGaNBFJ8nFC4F3288IWtXEckwvQsO1w8Hge2pEQ,104,Graves,blue,JUNGLE,7,6,4,9007,412,1464,6692,2031,3047,6695,0,0,3364
3965090810,QYtD5KWkd_e0v4YXfS8J1V35Jw6T3M6RmXSecrY1UKLNagP13oukWL0zKndXkeXgtBQyeNl3s3KdAA,157,Yasuo,blue,MIDDLE,3,7,6,8636,687,4519,2031,6673,3033,1055,3006,0,3340
3965090810,21PInflH1Zrb2pYZ8JekZgTJSI3cXUMtAJMl2lN8LhQKcyeJdETgXg8KaDlyMSiorj-SZiWOhPY75g,518,Neeko,blue,BOTTOM,1,6,11,621,9126,127,1026,3020,3152,1082,0,0,3364
3965090810,YFHMPip0bPS3wWr425GMYog3eEbDezURQdBHUzismX70m4eBQL0P713mFT2BCClCWG_6LynUoTa7kg,412,Thresh,blue,BOTTOM,3,4,10,687,4103,233,3117,3855,3190,2055,1028,3067,3364
3965090810,6Mayyr7uHayo85xqPLwsVzRyBDnOeVyaZyD8oxvEDDe6sN0KzhezpAYHELPfcxOBPlzh4tJhYgTIbg,62,MonkeyKing,red,TOP,2,10,2,9187,1242,4941,1055,2031,6632,3047,3076,0,3340
3965090810,KOPPF2jUyZQmwzDVyzlCEnwd-mtz3K1CxXU39UjviR241ary6kg3XkdklbGmyyDuD6l71iuqGsq5ow,30,Karthus,red,JUNGLE,7,7,8,419,17852,9345,3020,4637,6653,1052,3916,0,3364
3965090810,Zt4L0X_KDY3Nar2dar6vaFfzrMm26kqxi3t9S63dXPX8XjyDNou9i_9DuC64ob5nO9tu-HlUoIfVnQ,777,Yone,red,MIDDLE,10,4,5,12388,3057,17017,1055,3006,6673,2031,3031,1038,3513
3965090810,TzBhJdcT6TEzwFoRetaaK4oje98rvFIl3CBvYh98j8P884Gfr6KdMgKYoUCKVb_lCw1fgV45mGNv8g,15,Sivir,red,BOTTOM,5,1,8,11147,0,12882,6694,3006,1055,6672,3508,0,3363
3965090810,yDa55n02__5pVMgWW4AgUijfsr5OUS7TYTRzbXIEQfCCvgxoPnyqIm6gPpAh1Y0pTU42oQjsxmSR1w,350,Yuumi,red,BOTTOM,3,2,15,812,5211,1147,6616,6617,3853,0,1082,1004,3364
3961018086,HNi7GgT9r5BawalRBkAaa0zOe--fzwQVxRuZjWKgu6y2r-_S3pxzFWowQ84yf6-8QvHAy8IlFi4hXw,875,Sett,blue,TOP,12,5,2,14993,151,11214,1055,6630,3153,0,3053,3047,3364
3961018086,9N_dd3CQ_86wJX0hy6wU8jIIyWB3zW0yNnLrnY2AgtiZL3ZTrgaz2Kbh8XxHSc1EyzkBdsXkdZQrng,121,Khazix,blue,JUNGLE,6,1,13,17658,1241,46784,3123,0,3047,3035,6691,3071,3364
3961018086,JqIT5O7nWIdfimr33j48eNmRI_PvUZa2LZPSuKKqqQkIOFENhJCJsQlbGyXas8dqZQ4wkyvGPXdaRw,10,Kayle,blue,MIDDLE,5,5,13,3076,14342,13012,3115,4633,0,1058,3006,1058,3363
3961018086,W9rJ73fQtFX63VaWlrGAh2QDEhCr7Bu_qjQi8TzFOogP5gyiEEzT1KoU0FRtWuRD9MNJr-AcF689Rg,29,Twitch,blue,BOTTOM,9,3,8,15153,10,14505,3006,6672,6676,3031,3086,1055,3363
3961018086,_9nlh4HKEtXwUT5MLdB8QdwiwwAOye-szGt5md7UQ9B69FtvT8PdAwcD6W4Wuus8OtNUavV2doiCYA,412,Thresh,blue,BOTTOM,1,3,18,1034,4318,1618,3190,3857,3117,3076,1011,0,3364
3961018086,S1CCUAOsMiBAoas473hKSqbvN6wcbhUMMt9Yi4Z3uHlyNEmNu181H3pISB_jdr0lpxKjW-3Usy8sxQ,62,MonkeyKing,red,TOP,2,7,1,7536,1301,725,1055,6632,3044,3047,2055,1028,3340
3961018086,mxeV6VW_7CIYs_xa0uSOyqE68W6iINZ8nJ2yoMnK1kwWJBSvZUoZ0tcuiADnE0-mPbcgL6DLnQ-m2A,234,Viego,red,JUNGLE,4,6,5,7578,953,7722,3153,2031,6632,1028,1036,3047,3364
3961018086,XsCsH9R8rPX31pBPbUd8wvoeoIFPzTaXrTBLWd2N-JLfNgg-oig0PRsF8r1wQgf8qiu2tU038GUowg,142,Zoe,red,MIDDLE,6,7,4,1938,23499,7699,6655,4628,3089,1052,3020,0,3363
3961018086,STNdtiv8OGPs08awZutApW_hCuwge2YNivUJliBhgs_qpBJDtUMPJei8R2AG9PXbc22zIlZmlLtv_Q,145,Kaisa,red,BOTTOM,4,5,6,11332,4311,1844,3006,6672,2420,3046,1038,1018,3363
3961018086,Uwwyn1Jl6asUgdB08BPrntCjeQv_P5C_kywc_lPiSIeuiUoTD5dlErsE81256_4VapINYaTf19lbXQ,235,Senna,red,BOTTOM,1,8,7,9222,0,1456,3009,3864,3123,6632,3133,2055,3364
3964635575,zL23FFc8AG-XFfbUbR326hrAbFiNVzFrg6rB3Dvzqpv-UjuXQWrtwbLZgDtQWui6-KF7GYh8dxr7_g,24,Jax,blue,TOP,4,5,3,6775,2819,7110,3153,6632,1028,3111,1028,0,3340
3964635575,Gix1Y_aia3tJROrSkGkCPSbpWSlDATMRjffyTmXi624uXRkJ_8AhHFutuo8RUOopSAKl2-VanPKguA,131,Diana,blue,JUNGLE,8,9,6,2139,13095,30303,3020,3152,3157,3115,0,1052,3364
3964635575,qAVKJWpiEyrCJFprMRomrTY4t_Ob9nTCkjpiN-QR9fn56B7CZY2qzv8p1v2h2yokhbtTdjCSTyF0ZA,64,LeeSin,blue,MIDDLE,10,10,3,12580,2577,1297,1055,6630,3158,3053,3133,3067,3340
3964635575,BF883ESX2fJmCwCOlrHA1AIKmaBe-cJDRn7zUq-HKdSBFZdyu3wKfxXOnERrFyzk1KgCfz6OLA0YaA,429,Kalista,blue,MIDDLE,5,11,5,11366,1185,3317,1018,6673,3006,3085,1042,6677,3363
3964635575,WEIXuhzF0QsilurBkJ102DrpyTFa-sd30x8OB6cLOfODGr5eHG12li8c7da-q0tyxAaFaA3lzso1zA,111,Nautilus,blue,BOTTOM,2,9,19,3222,9860,2614,3117,3190,2055,3860,3075,0,3364
3964635575,uiywNjoYC1e-v6Y9uVoqHTY1u1ku9nNdXQ1qQLSmW66HEtMUp6-Xnf8jnA8UTRPcJUfpjsqC6DJVbg,85,Kennen,red,TOP,8,2,7,1668,14781,6475,3152,3135,3157,0,3020,0,3364
3964635575,bSai0NPXBSwZy0cPamYQ_kaVWGKCRf30NKtdlTQp_CuQNEebADz73koPkTfFAj-jeUe_5vyIGodymg,121,Khazix,red,JUNGLE,21,3,16,36391,1688,30699,3047,3071,6691,6694,3123,6695,3364
3964635575,y-PS_6-57LzoZ2gzW4pP1xOKGXbT7V5UapTYBuRKf30Rjfc0npYWfq_ksGZgCJuNw7VoVrkryVbKog,777,Yone,red,MIDDLE,2,7,13,8712,2715,3501,1055,3091,3006,6673,2055,0,3363
3964635575,ggGvkv6LwWecYtFVXHlbDgbViES8VJXAdC1LrY-VeSY3DarYPEw7-tbAJFObRBLZ9Gki86gjd7UO4Q,145,Kaisa,red,BOTTOM,10,7,11,20280,4238,19453,1018,6672,3134,3006,3046,3036,3363
3964635575,kB-mNNAD28wmjYXTfyestyS5T5ROxhPfObyBY-sa_1btNYPU7rfypOC7lL8TldWt0FGtxuHlBygxqA,53,Blitzcrank,red,BOTTOM,3,10,20,2511,8722,440,1004,2065,3860,3067,3110,3117,3364
3965365531,CcPwpthzCKBXJJTR-YYhB0LQjs9pv0NTaw2pg6VC4NE20OX9lE-RYbWchMmHi6LqeLakj__sYroEEw,62,MonkeyKing,blue,NONE,1,4,0,4002,691,0,3123,6632,0,0,1055,2422,3364
3965365531,S3onIYJFA51ixgBo91YclB_C_amOpeR1rGE03vqs_GOJ2Ykcj8TW3zm8swqAqgox-IFVvMcZcsYhBg,5,XinZhao,blue,NONE,1,1,1,2691,212,4519,6630,0,2031,3067,0,3047,3364
3965365531,c1iS_I7ZVN4a6KnUR8nwqlIgkaoAxXq7B3agXyD0YlPfVncU4OyFLgj0KS8srWZzNsdG7c23CvHsjA,38,Kassadin,blue,NONE,0,3,1,543,5728,0,1001,6656,2031,3070,1056,0,3340
3965365531,LPwKlaVERmZP8nt_-YY5dEi3cOh4BwrhvJzoZvhOtHKmrzsxfX-4RknAhgMvWHrwxm7j1-UmGRbQ0g,145,Kaisa,blue,NONE,2,2,0,3219,1501,441,1055,6671,2422,3134,3123,0,3340
3965365531,uYZtcghEmU4ErSWZom3g7Ly-Q9GkAC8ZAKtZjNcLQZ8g_ONf0os8zBhJ_XNJrrdPvetQS6fdICWz8A,497,Rakan,blue,NONE,0,2,2,440,2277,569,2055,3860,3158,3067,4642,0,3364
3965365531,0WubZxEh6W3Mb9OCtXraWxVjjkw20ML3TKp_ZvGTMBv4B0QJz3wXkfeHvjI7-SX53OivVdwPRWrjZw,517,Sylas,red,NONE,3,1,3,214,5946,4081,6656,0,3158,1056,1082,3191,3340
3965365531,yK-pBhnsof5QkzNWUMlxB2W75LaZAWbDSusH6qE3IkaScu78czw-nbjsCY5sBLvzXLQXPFHTfB1p_g,64,LeeSin,red,NONE,4,0,3,4481,1097,19536,0,6630,2031,3047,1037,0,3340
3965365531,kPz11cp_FSA0KpEjfy9pBPN_X1KrufLULB8wejGpLgUHCH2GNWSPtWphQqWihL8pcnd3j4L_sZuOog,84,Akali,red,NONE,4,1,2,939,6784,0,1054,4633,2031,3020,1052,2055,3364
3965365531,pCpFA-WnvUiaCcrq2y8h0dl_5PoBVI4o994dgffq7YdP-Zs-PVk9veiO-QtoPRHL85WcWh3IEY4nAA,523,Aphelios,red,NONE,1,1,6,7669,333,3462,1055,6672,3006,0,1042,2031,3363
3965365531,kkXpl_uIfHIiEetP5tRXB_ZxBO13KB-Exn2x6ZkU0Q1C8k8yLJcEXotWmIlJQxzhiHOe7V501dXrCw,412,Thresh,red,NONE,0,1,7,584,1287,947,3067,2031,3857,0,3117,1028,3364
3963509486,QxyK0Ty93zcELKxs3YEKOAqfmCWJ2SqsP-c3r90TG0nMGqKqCQ08YzmNHAvoS1730srexww5Oqtnnw,19,Warwick,blue,TOP,12,8,10,6490,11032,8531,3070,3153,3076,3047,6632,3053,3340
3963509486,unD3GbD5F6Vtu7Ce4ePuhSdDcTNGx5OA19dc3VqvmpfE_PrmILO76J0QaU-I1qLI-3Y08PLoKM-uXQ,120,Hecarim,blue,JUNGLE,7,3,16,17383,2665,34631,3065,3158,2055,6632,6333,3053,3364
3963509486,eN151RPDY9nuV1Yff1Ap1uz8nBiulzH5vG0fj1OqqJT39D9hjt_wlPMqt5gbaHZuNcSyv1DtdgbKgg,236,Lucian,blue,MIDDLE,11,2,10,21536,2884,11573,6671,2033,1037,3111,3508,6694,3363
3963509486,T2VG_B2c96FvfOIgUbU5HfN0iIg7sGTwl2xsvOrJvkKlBRLgRybRBLoiDZFqeIS-IlCDq9qNHlbH5A,29,Twitch,blue,BOTTOM,3,3,4,4614,3549,11749,3158,0,3089,4635,3115,1056,3363
3963509486,YpYI-GP30tLAQNX4-MR9VY_oGC297QCG0vNWH08-emc_DP5A3BFpJrDWmIvhpZr5VpwILJuEi-2U4g,147,Seraphine,blue,BOTTOM,2,4,17,1473,8665,3938,3853,6617,0,4642,3158,3116,3364
3963509486,IU_kXwqpTzxy58Ye7JvZPGdp8ppCS9Y5NpFvToUrnfsSFWYqsQGvBhnimZv5PLs2c2m8_T4xHZwhAw,126,Jayce,red,TOP,10,10,4,28501,3744,9635,6692,6609,3140,3042,3158,6695,3363
3963509486,TMuWMD0ynMdT0SDojMXsAIxvDc1mt0Im5fjwBzHa7bKSqgc0RT7fK0AoBf0oUUGzH1koSUWPHd1iGA,60,Elise,red,JUNGLE,5,6,2,385,7787,26198,3157,3152,3165,1082,3020,0,3364
3963509486,yhvc7UXpaSWfEi2ltdKrsWlSynWbPQI7wwYd7QRoUPI7LBAvE2rP6pxP6uy8PMzRC8Uj9gwhTh-4Pg,134,Syndra,red,MIDDLE,3,6,8,908,20648,1418,2033,6656,3157,1058,3070,3020,3363
3963509486,828c-1ByoEJZTRdLvWvgfvIFdOMrG4kso-nAiIvsyCU9m7-_0_BfcE__dZF1IjBWdytDfO4RHTWy6w,110,Varus,red,BOTTOM,1,8,5,9005,2546,2928,1055,6693,3134,3042,0,3158,3363
3963509486,H6F9D9HR6-0L37WnW4atXDa__zzWFcvNzsQviqGrm1GREJ0fCvAcwKvyeNG8jwhD-gxKGILTWhHXxQ,43,Karma,red,BOTTOM,1,5,12,591,9524,787,2055,3853,3011,6617,1004,3158,3364
3965113823,ps2hyk-eoQl8fIu_ZE_lLw0AlW0uOEJgHUwzQE5yYjrTZw4ROqcjZQBvDuOwsVgQxqYCmkUpVVeiVw,887,Gwen,blue,TOP,3,6,5,3743,9764,11572,4633,2420,1082,3076,3115,3047,3363
3965113823,GYU28FKGTxQFOD81Gga6tTDzUM0QsKtyrCDk6IOfvVujfzaPjQPSn0BIu_r5dWqu0OTp9IT4O1yHrg,106,Volibear,blue,JUNGLE,5,5,8,10991,2114,14753,6632,3047,3075,1037,3044,1082,3364
3965113823,PD5rQLaJ_haccCffr41wQWlgJQ5bR1Ht7zSAexMHLcA0mCbARRR3Kqo5u-AV1M4rF24rXL39XHg0EA,245,Ekko,blue,MIDDLE,5,7,6,2073,12267,3878,3115,3152,1058,1056,3020,1082,3364
3965113823,Lt6vGAR_OYfTJ4K1vTvBGsVJW04SC1cMNfWqIfUYiENWeLpTb7JMgGVsBdV-UniQHGNhAz1FR6B6lw,67,Vayne,blue,BOTTOM,7,6,2,7958,0,12707,3031,6672,3006,3046,0,0,3363
3965113823,51nQIwTjlU14RP97m6Bd8M1whrVPu_SHmiVkA5b6Bc4pEkKJDe9gc9fAlDPTeCU72ON1mgb-XSZcNA,43,Karma,blue,BOTTOM,3,8,11,848,6969,514,6617,3853,2055,0,3011,3158,3364
3965113823,VpTBHqFSJo6fLSdgacsMZDylAvzC-wcgUVathfCXfdSYcshzXqMY6iHnrecawxJHLSYH9L5Bb15b_g,875,Sett,red,TOP,5,6,5,13113,0,7207,3053,2031,6630,3111,3077,1011,3363
3965113823,57ek7wA2NeVXNc45WVbvsRx3R8vKojZFh2eU7-W2G0cfklo5KtgbKgTfNqNIwGuqCbLfu7UIL9H6jQ,203,Kindred,red,JUNGLE,10,4,9,17392,3373,46540,6672,3031,6676,2421,3006,1029,3364
3965113823,7qIaBO-CMr4rxuErT3vXRIvcCcpLC7w-kUgH9nP9wzhV2EKX0_H3QZOU8MemRKbDWwvytIsGIzolFQ,777,Yone,red,MIDDLE,14,7,8,21835,5961,4408,3031,1053,3006,3033,0,6673,3363
3965113823,A3AXsNmE-rOJSce4lZiveqBseQF6p0ppXvU7WAcfsdHqkXm7H_HFLY7djW6pWRb4QlssZtZpi0iKdA,147,Seraphine,red,BOTTOM,3,3,9,1480,12150,7285,1056,3020,0,3114,6653,3040,3363
3965113823,_0a1OWG1Crkw27ASuMO8KFND_I7gUPWYOs7j6aHNi2abP3lqEdFMnnTX-hyqEIcsBxZKE0_AXe6ycQ,117,Lulu,red,BOTTOM,0,3,15,557,3036,4351,3853,6617,0,1052,3158,3114,3364
3963027697,t9xIDq0-84Vw5J1fytarTvZqarEPU3LQbz5RwxRqghYg0Al_hrSWP9_BSHLRB1vobmOpcfu8U5cSFA,64,LeeSin,blue,TOP,8,3,13,21904,4911,14653,6630,0,3047,6609,3082,3053,3340
3963027697,XRU1-xzac-I-hecQhG6ohji7vEylhtLiPC8sSHdsxoUgm7z4814x6lYaa_KlcOXDggPLUagE5n92ug,30,Karthus,blue,JUNGLE,14,6,9,118,36586,42821,3157,3089,6653,3041,3020,3165,3363
3963027697,FOKVbmqwQfpNoutLYjo6S-j619AuY-CBnc05xWaMnG1X1qIMYaEYGg8vLRZAmrJ7eYQB5P3kxvwA3A,246,Qiyana,blue,MIDDLE,7,4,6,16005,1534,3981,6693,3042,3158,0,6609,0,3364
3963027697,CCJDT5GwklEl-LmPl-11SiZ5rW30iGz4BL8h1YelqXTCKx6uKHcZmijIpSkMc6VDAOhnO6mbu55FJg,110,Varus,blue,BOTTOM,4,9,5,7602,1745,2994,3158,2031,6691,3004,3133,1055,3363
3963027697,ElGtZvU9NOjCjBzHeEiMfGt8jo5NHczEPOSSQ8c-3j1e0C2NKYG7ISTTgbl3mfFfIkoGfIGW8y3jQQ,40,Janna,blue,BOTTOM,1,4,15,803,5094,5164,3853,1082,6617,3158,3011,0,3364
3963027697,4P4b_3C-UUCjqUdTf7XSHDxdk3dzNhN_Ui-q2HLiM9CuIKr1u-xqp4nxA6lKX8GWCVBZ-fkGll-36Q,122,Darius,red,MIDDLE,4,10,3,9690,0,5752,3053,3047,3078,1055,1033,1028,3340
3963027697,dhlufDLPXNvOv-c1dWfBPAMEQECYH8ipZ_KpSSIecRMCBuikZLrT-DzUOvthi9rGewuSonidIt8wVQ,163,Taliyah,red,JUNGLE,13,11,6,910,25577,16509,6655,3135,3157,3916,1026,3020,3364
3963027697,yumRjk9GeE5_B6HLT4wYSrk60mvUWztG2pvUjOEWRsiOCbrscdU4oNJUA-uZkfGLkmonl4mEY2glIg,36,DrMundo,red,TOP,3,3,5,5599,17282,4841,3143,3211,8001,1028,6662,3047,3363
3963027697,i5xDeAc2E0FI5pX2Sz7BGv66Xr6I0UNKlG83V6eY-ZZFoxdgPBQRT3AqkLLUlYi2EzzZDaT6l0slXA,222,Jinx,red,BOTTOM,3,6,11,11980,214,5457,3006,6672,3046,1038,1055,1018,3363
3963027697,6N4ZJhlkLpiRnpvNHO2qj5vgdQSVRV53n221v7IZwScjz0LRNaWtWFgYf-355mSj9grNwQnZnL4N9A,412,Thresh,red,BOTTOM,3,4,12,810,4144,97,2055,3857,3190,2031,3158,1057,3364
3965289365,3BBZcJyZtBchT0mlqIr7OIFmDtxTbk9jtG60rRmlpQ-zh8TOIla5I_RnUu9fvznkIDw5OCqVsdhEgg,27,Singed,blue,TOP,3,3,5,155,10607,4724,2033,4637,3111,3165,1011,3067,3363
3965289365,mjKeJ3AlDXrnpks8NP6ln9YfBs26vu0Ff4q3O9_g8rACRvUtBcIzXSp6REoF-dbI-M8DXNw3fkyECw,141,Kayn,blue,JUNGLE,4,9,7,15840,0,18508,1031,3053,6631,1033,3133,3158,3364
3965289365,z5ei2kjea6rNdZxzX5ZGqg3m-iGtxbIyPt_0J9LXWmRE0r_pcFGqzNQ8ysO2izsVDDvgl6QRUtEPmQ,112,Viktor,blue,MIDDLE,1,6,6,416,11906,4106,3113,3020,1026,6655,3057,1082,3363
3965289365,nAasd8NetCNY0YUByKx6DRfJzru-BizgLqgt_aIkFRIZTgvy4Bt3N0ETQWhk2BnW5QVXjlkdX8BkQQ,15,Sivir,blue,BOTTOM,4,5,5,13514,0,921,1055,1038,2055,3508,6672,3006,3363
3965289365,Z8X7i8WK2oHHwEjkPiP2E2OPDJLIRhTtKnHxbBWLgprhZBY3mye8vBO3--lzdYaQnnrRJ-SkNQBPLA,350,Yuumi,blue,BOTTOM,2,3,7,759,2878,75,2065,3853,2055,0,3067,3114,3364
3965289365,mmCzJRGpHKDJN1awKT1YzdJL57vQRTym-TONrTyXj-yBWHMTQSYKHO2Rc6mqFt8vC7si4B2ZwqOBOA,59,JarvanIV,red,JUNGLE,4,3,12,10242,544,19035,1029,2421,6630,2055,3053,3047,3364
3965289365,ZL3gPNEilFY5NTHxg98bld7mhM9wO0YDAI8vgNbi-WffToZJ05YtI-eKbr4iViN8lyq2CvgrPyTK9w,55,Katarina,red,TOP,8,2,6,2724,7235,14494,3020,3153,2421,3108,3115,3041,3364
3965289365,4gsONxdC8HSB2tDrV3n8UMRW-RNAyz14VcgqLAPCTMqZ0tvwo6ipeqkWiKHaF5ApNknlRby-P7iWUg,34,Anivia,red,MIDDLE,4,2,11,939,16632,5542,3089,6653,2055,3020,3916,2421,3364
3965289365,HFMjbJYkSXMStnPrb6PqidJ-nPWS9N_PIs7oETjJMH9momedI-Ct0JQDwKQNA-4QO4bElqW1JWf-Kg,51,Caitlyn,red,BOTTOM,7,4,5,18609,704,10194,3094,6673,3033,3006,2055,1037,3363
3965289365,3AlS5mFtgNxOmupvbVgdCKFg9Z1dBoE_Pl3ZkpsEPYL3Qini3wRyusba5uLamJJB9iUGZQdJR0zcLw,235,Senna,red,BOTTOM,3,3,15,15341,0,15403,6632,3123,3009,3864,3133,3067,3364
3963500472,EdOMcV7obcGRP9vQjy3xQmPAAB1s3mfZ10IoVyh3ImZyn3buqb3BA4d7-5NyN6J1B7CjXRyq_HmgKw,98,Shen,blue,NONE,6,1,4,3424,2655,2941,1054,6662,3077,3047,0,1028,3340
3963500472,Mb_0ADd6qZISklzzawCu2vEa1XdXfFu3nFR2ytKVllSk-INym1DSRVgclUnTX3D0XFRrCmq2waQmRw,5,XinZhao,blue,NONE,4,1,5,6424,692,15415,2422,2031,6632,1029,0,0,3364
3963500472,eN151RPDY9nuV1Yff1Ap1uz8nBiulzH5vG0fj1OqqJT39D9hjt_wlPMqt5gbaHZuNcSyv1DtdgbKgg,517,Sylas,blue,NONE,6,2,5,226,10154,2927,6656,2031,3158,3108,3067,1082,3364
3963500472,xBmOoaMunAPhCnoE6MwnjFl90TuYK6dIRfE3XOo5DZQ42yJG3QR6hYjw_UHWCdARxf4fSFPXClsQzA,81,Ezreal,blue,NONE,1,0,2,4557,1573,1284,1055,6632,3070,1001,1036,0,3340
3963500472,xL2t99qtjBZqkA4g1MwZ6VM5N-_s7m7a9DoIeO3sqS3Yjqzjru8pyGesm2EFeFdF4Criu39DT2jDEA,35,Shaco,blue,NONE,3,0,3,774,2855,2119,3851,3802,1001,3108,0,0,3364
3963500472,0WubZxEh6W3Mb9OCtXraWxVjjkw20ML3TKp_ZvGTMBv4B0QJz3wXkfeHvjI7-SX53OivVdwPRWrjZw,126,Jayce,red,NONE,1,6,0,5155,1078,3063,6692,1036,3070,1083,3158,1036,3340
3963500472,xWuegfqa7MhDPB4H7MeGgCI4Q4fFz_HrH5T-KBwIFWxF7cG5LcaO1bXyLR_gcUFCzYXmfsipK_V1ww,2,Olaf,red,NONE,0,5,0,3492,0,2229,6029,2031,2422,3067,2055,3044,3364
3963500472,eR9qHF6D7eas9ngyV4Tvx3QM9wMaserxHNReXYg5GeOzgNAr3s2zgoLn7P60Cl6WksmJqQMgeZuq8g,84,Akali,red,NONE,2,3,1,1008,6567,0,1082,1026,2031,4635,0,3020,3340
3963500472,5sQFZpd_Jo2L8K3tZQzSW2QvhsLvmznpwOyc5oZbxpjMPYTxPILkbkM51Nhhy4LSf3Kf6R5s1ijKvQ,21,MissFortune,red,NONE,1,2,0,4462,113,0,1055,6672,1083,0,1001,0,3340
3963500472,W5qrouvrvZ7CBCaKNOTzfp5Nkh6-4dW99mtT__8xLRegor4plsfgVs2ng5qNrEDCpSaOCRNf95Jmkw,12,Alistar,red,NONE,0,4,1,610,1199,0,3859,3067,1001,1029,1033,0,3364
3964089795,mvVcHNwcEEZu8aZ6QMN0FsqmcnUIG_1ysZAEx5Nn_xZaaf22GEBoUpf-z6Q2gj_3bv7XqRYYuzA8vA,41,Gangplank,blue,TOP,0,5,5,14665,3981,3521,2033,3078,6609,3134,1037,3047,3363
3964089795,QMigym7qsOMVzSLFW6IYxHqcLhGgkac-1ukyzF1fbmn47VUzMxcXmm3rvLqGt6B8cuplJmFoTpHJmg,64,LeeSin,blue,JUNGLE,7,10,4,12741,1748,16248,6692,3134,2055,3047,1028,6695,3340
3964089795,2QORjzBJcNTLNl7h6vUjbCNRhwNy64pi41OaZNGA7CDzeBIXAbtz5FFwe5Q1jHxxNqw-B2_82dQ7RQ,55,Katarina,blue,MIDDLE,8,10,6,1141,19995,2257,1082,3020,3152,3108,3115,3916,3364
3964089795,TQwJE3B-W7lvJSaeU6A-SxH8nJ7pZSlLomJTNSSoIt7vYaXJ48QOnKt828e0u9Bi5uAGODPs4ihiGw,81,Ezreal,blue,BOTTOM,2,4,8,10582,5832,4637,6632,3158,3042,3035,0,0,3363
3964089795,QiGAmuIZF2urqVsamPx8ERbV25CoViOR_K2wi67Xm2PaLKdvr4GrVwywz0nt2X2hg10KvmJfEuXyPw,350,Yuumi,blue,MIDDLE,2,5,10,645,7154,701,0,3853,3222,0,1082,6617,3364
3964089795,4emh6KESic3WuP3i60Lx1TBdcPak65nz_AAd6E_7DWFaQ8IyOS8Kq4YrK-QL1fceIqG1W8guN38c3g,150,Gnar,red,TOP,3,4,10,15105,3066,5401,6631,3047,3742,1028,1037,1028,3340
3964089795,iwSfj9g3QwsXhR7_H7BpcgRy20lKEHOAhZXUeHLBwPrAiVSnuVZVnphlitZ-lRI_N33iqKSvll8FCQ,104,Graves,red,JUNGLE,11,2,10,16974,707,39511,6673,3047,3123,3046,3072,3086,3364
3964089795,wtGHxJHgiiikIRBFrK56KrR9rm6iqNrACfqGoOoAS0AW8uY_qC3aGWOsmzYl-KDsl6KV2gO0NanNHg,517,Sylas,red,MIDDLE,5,7,9,1582,11695,5070,6656,1082,3158,2033,4629,0,3363
3964089795,d2nX6FM92PfOvpiVDzuC7rYWA0fmtAhFN7P7a31qHe5rK98EMyFWEax_N1QXFsi0GUojSQlbfOOsuQ,222,Jinx,red,BOTTOM,11,2,9,21001,703,23553,1055,3031,3123,6672,3046,3006,3363
3964089795,Stg_6qW3JVxlT0cRI4sHImOdAI46P1D7RE_VhwzKfGbDI36K5ocevga0V9sLIZXw-lqD_h5z18yf1A,37,Sona,red,BOTTOM,4,4,15,882,6087,2466,3853,2055,2065,3011,3158,1082,3364
3961683366,FQnjAc3NJB3bqvt2HyrHSlXpG5E41obHWGaKloyczbDr1h4lQhTf4bh2wbsb58q8dCAAPdgCqHtghg,51,Caitlyn,blue,BOTTOM,5,7,9,16100,2960,4191,3031,6671,3095,3006,0,0,3363
3961683366,t1G0V7O49KxlyU11cqCo7YPzt00mhrndTVLjyEU3KooFEe5iaY4feyaApRfTC6gFWgnHjWXgWb7U9g,5,XinZhao,blue,JUNGLE,7,10,8,10405,1063,14116,3091,6630,8001,3047,0,0,3364
3961683366,2QORjzBJcNTLNl7h6vUjbCNRhwNy64pi41OaZNGA7CDzeBIXAbtz5FFwe5Q1jHxxNqw-B2_82dQ7RQ,517,Sylas,blue,MIDDLE,14,9,3,1422,23207,5440,3041,3158,6656,3157,4629,3916,3364
3961683366,raKBcfVgewS2Y605O4BttjgnN10v6bwyf0ic622yXB-6xzQsbbI_Vz3NP2MSLtIkYqZNDr0Z1K_c9A,83,Yorick,blue,TOP,1,4,6,7496,5715,2263,1055,6632,3047,3053,0,0,3340
3961683366,S2asaT_ceoxMOoZZ9c0E3lRy2oix2IP-M1j3Pn59iN9V2NGl2ysMNMKRKTtCT6Mnq06EPiZtKe-9eQ,117,Lulu,blue,BOTTOM,0,5,12,774,5375,1456,6617,3114,3853,1033,3158,0,3363
3961683366,ZrCQHNT4i8eTfgnHd1MlXTQ--I44_fzbK5UOA2wuKIsyftHIAbnjaHPkh8E2uVRhdyaJTGDKiLGZVg,875,Sett,red,TOP,3,4,6,10734,71,14906,3077,6630,8001,3047,3076,1011,3340
3961683366,NzWaqDmVBSXMczH2MtOUCZoQWPPLNqznRUyXitC7ZKV7FeuLNqCcF-hfFs9bz_Qtgg01BpJbu5y4pA,412,Thresh,red,BOTTOM,1,6,24,1014,5004,1339,2065,3860,0,3117,3076,3067,3364
3961683366,Lx075rKSeIb6uJJ4qVwObAbYGZQD1tb5uuD5kKGFh2FGW0ISPq1xYPXCbLS1-mpPfckhqaiaXypRWg,56,Nocturne,red,MIDDLE,6,5,12,12825,1455,6098,2421,2033,6631,1031,3053,3158,3364
3961683366,KOPPF2jUyZQmwzDVyzlCEnwd-mtz3K1CxXU39UjviR241ary6kg3XkdklbGmyyDuD6l71iuqGsq5ow,30,Karthus,red,JUNGLE,14,5,14,704,35832,21118,6653,3135,3157,3020,4637,1052,3364
3961683366,ee0siJgT0R8jGpI2HR74_fw1NLJ5BvoiWxC2xtdpsVZfmEOrzpohWfzJabrdkg8yKVyKInzQwIrmtw,119,Draven,red,BOTTOM,11,7,10,26892,0,14606,1037,6673,3508,3006,3036,1038,3363
3962381813,6ZIc8_F-3CzlA1ya_agGurgiqhx5CsnuBhzX4FnrVfmvrjV0Mxi5nLzrySEGMH28f3eefx0qDSZYBg,266,Aatrox,blue,NONE,0,3,1,5683,0,134,1083,1083,1083,1083,1083,1083,3340
3962381813,TJ7WLaV0QqJQqWNL4qctpEPysMUZYKopH98MwW7Jyv7TRZgVLX3AVpGrzqkfxERi-Na4I_EUA44Uqw,43,Karma,blue,NONE,0,8,2,861,3538,466,2031,3851,2055,1001,2065,0,3364
3962381813,H19M0a4HyDN1Q3Nn50CBjYrdRDPqzyzSIkyD8knc-OqVrK4YwlItK1adL1fGFP5YFHcL0UfJSKXKVA,157,Yasuo,blue,NONE,2,4,0,5239,465,1874,1055,2031,3006,3086,6673,0,3340
3962381813,-uecWFkgFBD1KHAAeH7__6R7gSxFB2zkNpqXs9dquG6K7F_J9hjaWtI57ZFxnWCGSACMkKttvxf2Cg,115,Ziggs,blue,NONE,2,4,0,1118,7738,2528,2031,1001,3070,6653,0,1056,3340
3962381813,Kl-BbONAy59iREhvTNJLTaguL502FgOgNNcNoZdZ8AidvjJhHoQfVOaCGs0pNusdvirpNWtZKY2w1g,5,XinZhao,blue,NONE,1,7,2,4991,354,5344,6630,2031,1033,0,2422,0,3364
3962381813,yBcAzo9r4vvr-32Puu2tyMRL5JYSO7vTW1NjTaYEL4KWg9mrMB8Vrx8bUlCPtJUzENHvN8otKw5tSw,48,Trundle,red,NONE,7,0,11,5809,1191,16266,3082,1028,0,3047,6662,3076,3364
3962381813,jp-vMtGU1HCCGXllzsFZ8qZtjQqUhV9QC3bqu6fLqZj8hg9DNAisFhtfmI5VGRQpa0bYhsrwvRffFQ,58,Renekton,red,NONE,2,1,2,5472,411,3963,6029,2031,3047,3123,1055,1055,3340
3962381813,6q_T8HdpB0UadZJsaqbVy4-jrd92_6ibhoh6ns0Q5WrxCHAXhK5fwKARZi7KqZmswhvjId2mmOOmfg,38,Kassadin,red,NONE,8,1,4,1703,8204,846,4633,3070,1082,3110,3047,0,3340
3962381813,VqnPgpKTC_kfOEmGf77X9CnVEnePbE-0QDrFSH8mGEJc8JQr4r0842rBstSQJ8Ddq-kJWkKarwBGtQ,21,MissFortune,red,NONE,6,2,9,11763,459,5591,1055,3006,2031,3072,6672,0,3340
3962381813,oHmLQTr3OipPem1LZoahxCzqInLjeflhGK7Wgj2Icjz4f_wN1Apoo1r9HKftJvODdaL5n6-jsmfseQ,555,Pyke,red,NONE,3,1,14,4194,0,2047,2055,3855,1036,3134,3158,3179,3364
3962744239,NamQzyJLMP7DA5ciMLVuKCrOLk24IoMULdF5vAvh52St96dCZX0F2gcW01l8Kr1oPYwHnNiQMc7eKA,36,DrMundo,blue,TOP,5,5,11,8791,21268,16063,3068,3083,3075,3067,1033,3047,3363
3962744239,LaqMjybWR1cPS_qeXB_FGM8jEtzTHTxbWtlBteXAwKfiFHqrXwO1DcEAy_cvEv_xuShiQer56FKvbw,234,Viego,blue,JUNGLE,9,7,12,20349,3084,39773,3026,0,3047,3053,6672,0,3364
3962744239,HiL-lpZ97QL3A6iH5aSgqSE97QL0gYmX9Mvd3MohYSx5iJmKx4pOwC-C9HcaN3eficuuj27gZAnlVA,68,Rumble,blue,MIDDLE,8,6,7,643,20796,7908,3916,3157,1082,1026,3020,3152,3340
3962744239,gUfIbI6qlLHkC8LkewQh9It8ddWa_FBbSz9dWfvYBqWeOZcHd1tx-1fKF74rtorlocR7uhpuKzMUhg,81,Ezreal,blue,BOTTOM,13,7,8,22020,10175,10437,3158,3110,6632,3042,1055,3035,3363
3962744239,GiedfXBCzymUELl5ruRaOtGXVjZOcop4h-ChO3ZI6dLqKHfSSAKDHHhoyEJ1QV1jqPMXLLIxz9kdZA,40,Janna,blue,BOTTOM,0,5,20,350,5926,4645,0,2065,3853,1004,3011,3158,3364
3962744239,yo31tPV69QAMNyVr2T7XWVT26Rg2jFiVyYes_xSKhxUW87UNjI1C2rzkJjm_AveZOV6oE5Ypxlh-ZQ,58,Renekton,red,MIDDLE,7,11,7,22989,3453,13796,6630,3053,3123,3071,3009,1037,3364
3962744239,Am581Fm388GFdRD-cMSWVtGtxzpbJFXFNzj4IgvzwkcNv_r5xiwRfoNHty1U3ed3Qwq-Pf1FMZDZLQ,5,XinZhao,red,JUNGLE,10,4,4,18739,2062,17391,6630,1043,3047,6333,3053,0,3364
3962744239,VRvxvhC66yay0UKfH1nG-kDDUQwbdXhnsO7_PXDJPpM4Q2RWJI_dliR6zO42iUSeNTXWL-IGaOv0LA,99,Lux,red,MIDDLE,7,7,4,1948,21149,5086,2420,3135,2055,6655,4628,3020,3363
3962744239,ZiLEjWHV_tx5Qa8UpJGNLQ_XQBBFdw3j1fsng-iXm7uTALho9hIo50Oi-Zlh4h7WpVnqjnmqZAUZXw,145,Kaisa,red,JUNGLE,3,4,7,15983,5789,9044,1055,6676,6672,3006,1042,3036,3363
3962744239,avNLOPUuBMIuIzQNc2KNOJC_LNVUUX-H4uNeJ9hcgsuzoUZhCMuw4Y3Jnh5bZ6jZ3rh1ksOieX8nwQ,43,Karma,red,TOP,3,9,11,1553,10733,1124,2065,3853,2055,3011,3158,3114,3364
3963427690,CNWGHDy-en5DnfOpn0B8_rdbSmhQSH-sH1809j7w_7xIsSF003ak5jC7Q2BbmT6272xQS4E1Ud3H3Q,41,Gangplank,blue,MIDDLE,8,3,12,16544,6097,26358,6632,6695,6694,6609,3133,3158,3363
3963427690,aqrZJ8X7hmHs7P3fLblEOaa85zyubVrqhmto_2zvUP--9kYy4FPkoZV9z7trVkqyIQn7SB24LeuJzg,203,Kindred,blue,JUNGLE,10,11,17,27638,7664,55779,3006,6695,2421,6672,3046,6676,3364
3963427690,lKiSnS7zMRfv4VCKysbwp9Hm3QJyq5f1YSpnBUBIO861jSNf8o_HUqlkXsjIEDMch_D3NxvLpFP-Jg,115,Ziggs,blue,MIDDLE,5,8,12,2401,31507,29591,3040,6653,1058,3020,1058,3135,3363
3963427690,KLWE4uM9TBCYt3BkpGmfFS7SbYExXoSW35vODEvQQb3ymtFkwjnmLxk-eNGvL78lRgjwau0l36YQcA,50,Swain,blue,BOTTOM,11,7,15,2318,39432,4571,3020,3157,6653,4637,4630,3041,3363
3963427690,_1h4M8AzFRFC60dmFpC6TcQhR6KAWLH0t7n9nse5_KFF4ULiN07RjK2LNp8MaDgrA7fcj8FCAKZNpg,89,Leona,blue,BOTTOM,5,7,21,2648,4380,255,3190,3860,2055,3047,3050,3001,3364
3963427690,GskTvx8OT2u8r4ysCG1KEMekjEebYA8YZ7hxRKkrGQqomsqkrnQsRZ-utQrDjiwN-SerZmBcaWeblw,14,Sion,red,TOP,7,6,10,12439,7995,7356,2033,6662,3111,4401,3075,3105,3340
3963427690,UiZToJq18GiIkkV9MMUHB4bwasm5IIyJGT_ytY1sK5pqxTz3ZKoWOQqTrQE-i3hFf-RDDOzLhrWn3Q,876,Lillia,red,JUNGLE,13,5,11,1095,20834,6862,3041,3157,3158,4637,6653,3165,3364
3963427690,yh7OXM_DCON_az-AhLiUr2g5q3rC5VXetUFRaMVxu4C92OnbIIDx2B2ZG_b_x1kFgxmFiMqGH7MOFw,56,Nocturne,red,MIDDLE,9,8,14,21636,2133,2785,2033,8001,6631,3053,3158,3091,3363
3963427690,xp--mCIsOoIWBVsR12Hs9hSs3ecAmfDzb49l2S3azO06jU8JpOJjvD1Oy5YD6_lXgssXyoawk4xpBg,81,Ezreal,red,BOTTOM,5,10,13,18336,8236,9143,0,2055,3158,6694,6632,3042,3363
3963427690,8xJXOhEIfyJICdD0Lo9wZXr7xwfdXM9ryiX0h_do-1eymq4SU_fkG1PyYyTIKHG9jIVbgpEPkt1qbw,111,Nautilus,red,BOTTOM,2,10,14,2331,6070,0,3860,3111,8001,3190,2055,1028,3364
3963219621,eTDgi5Q1V_-jSCgNsaAK8eclRNBttWz8WjrQvnnZbAl-WpRM8v7AfHChNcMnogdmHMJ8YegYRSl7pw,114,Fiora,blue,TOP,5,2,1,6053,748,9788,1054,3047,6631,3074,1028,1036,3340
3963219621,S3onIYJFA51ixgBo91YclB_C_amOpeR1rGE03vqs_GOJ2Ykcj8TW3zm8swqAqgox-IFVvMcZcsYhBg,887,Gwen,blue,JUNGLE,9,3,5,2968,8753,37686,3157,0,3916,3041,4633,3047,3364
3963219621,2N7ypcwOK_G0IC_IRs4sv4kbB79JlaadnEaCRe-xvBH9OgXz3qaOi_lqmIdX9Q1DoaTe-8nikAIilw,39,Irelia,blue,MIDDLE,8,4,8,10899,4966,6886,6631,2033,1037,3153,3044,3047,3340
3963219621,-J13gZ9CGf6YlYQRngZu1A_cctrKl3vcZ_THzXkAGB7nO70HJyMYyVp4Av8EHWANAnHJc2vyKe74aA,119,Draven,blue,BOTTOM,11,10,8,23843,0,7392,1055,3006,1018,6673,6676,1038,3363
3963219621,b2E8iJFXbwAxHXyjaqST4mfuyHrrcnnH7IpN_IuLW6xL3NiH5nd47AR0Kv7oA19lwGMEmfuPvaNzQA,43,Karma,blue,BOTTOM,3,5,17,903,8590,5986,2055,3158,6617,3853,3916,3504,3364
3963219621,6HFM5fHS7Cf6WtYCMp2_VOaVuJZl2uUHyiBb-pkXxeTHaYdsADXzqmau5OQgZij7MoUWwD2oakD7qQ,133,Quinn,red,TOP,4,9,5,13584,0,835,6672,1055,3006,1037,1053,0,3364
3963219621,9qlE3WAeSAtIzg5AtxksLb789dXaQYbUWpwWjkxVtm5_O6EgCb3tbLT_WZ1QESAo47kLM0DjtY-kXA,121,Khazix,red,JUNGLE,4,6,8,8971,526,5171,3133,6630,2031,3158,3123,0,3364
3963219621,L-p_13LuzMowuIjk9S2sPGHJcX0T_Qxd_2etLVTmt8-3NgbNl73G45kIF1OubeTzcSbPqFU9G6-oPQ,518,Neeko,red,MIDDLE,7,7,5,2361,17932,1250,3020,1058,0,6656,3157,1056,3364
3963219621,_H2hqreHsMDjvotSJBSrp1_AD2so9k_UI8wuR2olAXbAJPPWhnQAlcnOcPJbtlXj8Ia_5AeLDNF9uA,523,Aphelios,red,BOTTOM,5,8,15,13407,570,9301,1055,6672,3006,3085,1038,1037,3363
3963219621,qKmTgWvWVCDuQnsu6VYIF53-BMIlG0hpIvlun5eoFXGrpt4wO3pKpop_M661S56xUBfCXJmJXmX0WQ,111,Nautilus,red,BOTTOM,4,6,13,2235,5239,645,0,3190,3860,2420,3047,3108,3364
3962085058,aqrZJ8X7hmHs7P3fLblEOaa85zyubVrqhmto_2zvUP--9kYy4FPkoZV9z7trVkqyIQn7SB24LeuJzg,24,Jax,blue,MIDDLE,8,5,3,13874,5090,20176,8001,3078,3001,3111,3181,3153,3340
3962085058,MNWn1S86WLPtffvHIMW0Xe2gc9j7agPptCv_5O_YiIZd28qMM2Lu7zSMfmibSNN7T8sQlC14YKHhXA,5,XinZhao,blue,JUNGLE,1,15,7,12217,1785,22534,3070,1029,1029,1029,1029,1029,3364
3962085058,MaC3IqUXgpfnx3O0DK-hy8rV6EC8VhJnOKSzS5pY0ItCY11ty1xUo-LktgIqFNmVzTKgKjbLSu4sGg,134,Syndra,blue,MIDDLE,7,7,12,1435,18837,6141,6655,3089,3916,3020,3102,3070,3363
3962085058,imb19kIaUZ8uXhUjpybbbVYucpx4AfvF3JJn1F-IOfR_uaoiZIlrBRzJGF1gtlJeeRwogxKYS9adNQ,81,Ezreal,blue,BOTTOM,8,10,5,8930,6171,13019,3110,3156,0,3158,6632,3042,3363
3962085058,yH0k5Z7Yy1snIqM3xTm1T-oQwFmVikn7A47A0OpRKNJKte9kqlJ9PKSiLoVq2Z5aKL00ml3UM8uEgA,143,Zyra,blue,BOTTOM,8,5,8,569,25079,8841,4643,6655,4637,3020,3853,3001,3364
3962085058,FcM-TtKdgXMsPCliKhbHt2qPY-ryzGvKas9UTgNwOjEgD2YAFo9XDBo4vqyzTSfFaG7loIjTO8oR0Q,98,Shen,red,TOP,3,6,6,3314,2909,5172,3047,4401,3076,0,1028,3068,3363
3962085058,J3LCGHdmUHSCfJ5cibfO7jWD1rc7z1B4MAkN0BsySFPip8sCstZzEDlvA9Q3L9XaNRrt2wdp2ZWefA,30,Karthus,red,JUNGLE,10,5,11,241,27572,24402,3165,0,3157,3135,6653,3020,3364
3962085058,2QORjzBJcNTLNl7h6vUjbCNRhwNy64pi41OaZNGA7CDzeBIXAbtz5FFwe5Q1jHxxNqw-B2_82dQ7RQ,55,Katarina,red,MIDDLE,12,7,12,1725,24045,9117,3020,0,3152,3157,3115,3135,3364
3962085058,Z1C9SpfLR7u-24AY4mqYuIUPZQDBW7-6qAzW7pwLRCvjEYGOZhRPmIrlqdeFM-Y-dgf8eUDLZfOVFg,145,Kaisa,red,BOTTOM,15,4,9,21719,4848,29147,3157,3046,6676,3006,3031,6672,3363
3962085058,kXoxGMBRFH44tWC5TC5HG8OG_Kz8Nf1qAuK1TNSSAP5dD0j-i_IQBAKP34HmmPrzQ76pOOtKShHFMw,101,Xerath,red,BOTTOM,2,10,15,332,17004,3403,0,3853,1082,3135,6655,3020,3364
3965256524,2WrjOlua80lJInfowaA2tGboPMtg2V1AhvogZQEgduT0GR9mal6apOLN9YPMl0aQ-qPZtq9JGkdsrA,875,Sett,blue,TOP,9,5,23,30280,0,14344,6631,3143,3053,6609,3111,4401,3364
3965256524,f9EEq4s2keWaYLcJXBxn0kfXZHPOi2u7UOZXNZyJR4pzjvVokSIcVmL-2-n5ZMb4biBguMhljCAxWA,9,FiddleSticks,blue,JUNGLE,3,8,21,195,21150,22409,4630,4637,3157,6653,3020,3916,3330
3965256524,XIaH74RpjxF88dEn9ewjUwPQ2olEYNwm48btiNyHQ-bA4rxeNFI-J1GT9qQ5HFaPdB4pZdA7oUmNMQ,55,Katarina,blue,MIDDLE,8,12,9,1200,21787,6571,3100,3157,3152,3020,3115,0,3340
3965256524,7JCV61lVV3maXDILy2pKT_7OARw-ahlcpf3AWtKTnKWsbTsBdunCFaQL5-1gyavat33qWZ8cm7ilcQ,67,Vayne,blue,BOTTOM,24,3,7,32048,0,51940,3026,6672,3072,3006,3031,3046,3363
3965256524,_vUTaljaBmobbCtYcRHV4VvfkPn-q8Qs9zxYX0T8jyJyJdMxIiqHjkl8274jf8ikSj-KK3s7NjQPcw,350,Yuumi,blue,BOTTOM,1,4,35,1413,12768,252,3853,6617,6616,2055,3041,3011,3364
3965256524,nEFyHFDR-IuMYx-dct1TyboXhBd3wWKHWm8riuPY6-ktm78YyOa2K2owZHlYQJVsHgUfGg742N7O-Q,27,Singed,red,MIDDLE,1,12,12,494,16281,3096,4637,6664,3009,2055,3066,3075,3364
3965256524,7gGoa3TbQ3mnyfAVsiJpOIo_sT8K2qa0P2G_PNnw3NeitzrLEyPgrTBWmb2VL0wCH1u3szXUnL66OQ,28,Evelynn,red,JUNGLE,6,9,12,513,30001,20116,3089,3152,3102,1082,3020,3135,3363
3965256524,sRRvUVTH_C72ADZQDBY20usNbn_G6cvl47xbXZ_3ZzSciv4UqKOXYJ87Ge8LFQt2kLwbdUUQ_-Quvw,157,Yasuo,red,MIDDLE,15,8,13,35858,2743,29285,3072,3026,3006,6673,3031,3033,3363
3965256524,smTiARR2tgQytZFG6ZDOYASDokHzjaFUnU8FJrQr7dBTLerNP90M4T_-7U3V2WePFEfnZX5F8ZKQyg,432,Bard,red,BOTTOM,4,9,20,2155,7609,3498,3158,3190,3853,8001,3082,4643,3364
3965256524,98TYYy--5x-aQSCUtpFmfK9J1BH_FkgzyArImBpMadFDyxNG8EmmDbSDXQ2jkEFAzLFwQRHGgafEeg,81,Ezreal,red,BOTTOM,6,7,8,20913,11949,13759,3042,3033,6632,3158,6694,1038,3363
3963609320,4hzHvIfjfNJz2iIBe-JcKqaBLOBEIm8IiLVmkyEQ1f3ux5YnjnQYx7c_266azPwuNBU7x2HEAuKG9A,17,Teemo,blue,TOP,6,8,2,2297,11949,4876,4633,3115,2421,3006,1056,1029,3363
3963609320,LmbvYc7bVzKw9C-glwaH_nCV6xeo2Xuti33mPpTz7ssaBy1fFVTIaZPZkKfE05oCfSR40sW63j2Udg,141,Kayn,blue,JUNGLE,7,7,7,15299,2016,10089,6693,0,0,6695,3814,3158,3364
3963609320,68Yvl-Xia7jWKtyYDYn727rz7bRsGVFND_Y7Ng4wG_n4QNH5OdDJ356adDmh2p5lA25mNvk-gZpd8A,240,Kled,blue,TOP,4,10,6,18017,0,1627,1055,6692,6695,3077,1036,1001,3363
3963609320,TQwJE3B-W7lvJSaeU6A-SxH8nJ7pZSlLomJTNSSoIt7vYaXJ48QOnKt828e0u9Bi5uAGODPs4ihiGw,222,Jinx,blue,BOTTOM,7,5,7,16338,293,5772,3085,6672,3031,1031,3006,1055,3363
3963609320,NezSXaXQ0Uj386p_2806zkoTynNrhAR6MTJ-KswT1RH9KI-cD32PIzuU5F_YPNMdVMQ-j35iWWDlxg,12,Alistar,blue,BOTTOM,1,10,14,2231,4879,95,2055,3860,6631,3082,3117,1029,3364
3963609320,3KrRiuw3trnR_PjEJ5Zf8Hwe3_XQamz-SnnhJihzbbMeSf9tZCFoYjxrGd-UY4U-UphjVEIyJD3nCw,58,Renekton,red,TOP,11,6,5,21564,2418,19057,6693,3814,3044,3047,3153,1037,3364
3963609320,mqhcpJIm_wkCoIz6FL-9RfpYo1X8J440jvqAarppYYeOzci6D9oRz2EyGuuuwSXe66otn7mTyB6qMg,234,Viego,red,JUNGLE,7,5,8,18023,1497,19866,2055,3153,6673,6333,0,3047,3364
3963609320,W1SqOwopPXDOx-L1z_LEMkD2kR9JDFXQ2AopFTzakPz8HI_5x3-PeZsgDGKgalOzZp014kF-FcIDzg,777,Yone,red,MIDDLE,13,4,6,20459,5797,12034,6673,1054,3006,1055,3031,3033,3340
3963609320,oG16_3yvNPM-T1Km969aGSHg4bbMv-uyEzik2CTOdHr0XYt3QUzJktnNRrf553H9HCSPOUtOksXPsg,81,Ezreal,red,BOTTOM,5,3,4,10859,4721,9437,3042,3158,6632,3024,1029,1029,3363
3963609320,WKecTwgsn0HQJBQdgskWY5UkqgzvKpEwlNNayuf_8PX20lms4eopnnCek_k-yWnM-JHLQ64NBj6stQ,45,Veigar,red,BOTTOM,4,7,13,1635,9025,4087,3853,3190,0,0,4629,3158,3364
3963788818,DM7Bi0UzE37Qa7g1-Up3lVPfANqRt4SiRyV1jVJ9mM0uXtuAWi7nxZkVu9rgBtcT97sb2F-O1dkNqg,23,Tryndamere,blue,NONE,5,1,2,8027,230,1083,2031,6671,1054,3006,3086,0,3340
3963788818,HguMA8F2hKhapSs626xibyjpvw1pfmxeOsRhUzzAd4ephIaxbsnWTjm6caayKEp-eS2lpiIVa2o8ig,113,Sejuani,blue,NONE,1,0,6,2630,1744,11782,6662,2031,3047,3067,1028,0,3364
3963788818,JlMAOigAAVpflCPyQBf2fYk5CCSphZgZp19hNffv7Uy0mzwwLlZnbxYEOgYYH__88cZ75pg7gTWhug,3,Galio,blue,NONE,1,1,4,478,7053,1506,3152,2031,1052,1056,3158,1082,3340
3963788818,AFUW1CLJ0-ZowyBAhrUQMskV9lnMAu1zLCueygXfl4NSTQvFzPnBa8xxYxLKQ9r9xzaFViWVoyVddA,145,Kaisa,blue,NONE,8,0,0,5059,2596,3719,1055,6672,3006,1036,1036,1042,3340
3963788818,kB8Kx2ZR9jn4WktLC9fVresN_GVfRGVVTFi3-6rzU_Nsuwz2Ge2f9FRMJaWDZ_MXB0_L1Z7dDyuW-Q,350,Yuumi,blue,NONE,0,0,8,688,2334,877,3853,2065,3114,0,0,0,3364
3963788818,y6weMCrvlsSKFnaFhm0TAnc9ti8aqai-AEEV1Rk2oDlcXq1pg-sIcrM6lbpPXAhmgbJxUhv09NxOKg,164,Camille,red,NONE,0,5,1,4235,285,0,2031,3044,3057,1055,1001,1028,3340
3963788818,bSai0NPXBSwZy0cPamYQ_kaVWGKCRf30NKtdlTQp_CuQNEebADz73koPkTfFAj-jeUe_5vyIGodymg,121,Khazix,red,NONE,1,2,1,2667,235,8234,1001,2031,6691,1036,0,0,3364
3963788818,QvgmR1YZPPcL7qSLGWL1BwPozkcgq_Mt_FDcfZPsNtRep6yyk_sPTGrlag-GKdZRSVsRL4PyOQdniA,84,Akali,red,NONE,1,2,0,1222,3374,0,1054,1082,4635,1001,1026,2055,3340
3963788818,NMymatoa8mVcau-Tv2Fq5YkXMnfXq9BllUvaByc91TYvMe3vGo47XGFTNZoILHEfnQEBBKGAKwjedA,81,Ezreal,red,NONE,0,2,0,2587,469,0,3070,3044,1036,3057,3067,0,3340
3963788818,6VUNUvIJbhRHCS7RG6NT9fzJ9hGkXJc52bYb-i1X8Y3039YUSLqLPS27byWmSQPZ7I9gqxLLJ4BApA,43,Karma,red,NONE,0,4,0,517,3978,260,2055,3851,2031,1082,3158,3916,3364
3964649234,0LsOEgMLKpZE4GDIuD7DPFLYR0k908gnBRUOuwEMthiqx_fx9xVzC5thk1iKx7GrhLgQ1vNpmJfoOQ,234,Viego,blue,TOP,1,7,4,9344,535,474,3047,6632,3123,1037,1055,0,3340
3964649234,WOtZORYEIy1YXdJlVIRcF2Bx5Atygryh8VttLwCcv3Fx_9lBltLnRnZrXrwc5hZaoDSX3sX2PYSvPw,19,Warwick,blue,JUNGLE,6,6,3,4565,8011,5242,3158,6631,3133,3133,1029,1038,3364
3964649234,_RR-RbxbRvD0CFTCJ1qvZRi-dxZA6eYIiZXkTSUWVt6VFcjxj8T-mgFDlOH48Gs-nbBrSYxuPwUN7g,350,Yuumi,blue,BOTTOM,2,6,6,1039,4639,288,3853,2065,1082,6616,2055,0,3364
3964649234,d_GStmnISenjNc_dOxHQvv77i6tLKo8u2Jk4tovtodsgXb9naIq3laMkx0x9as5h-zocT1nUK3M-IA,81,Ezreal,blue,BOTTOM,2,3,2,6911,4055,5745,3042,6632,1036,3158,0,0,3340
3964649234,EZHa_UkWlV5fB0_vW1WCfj2zb6jRZ6ibspM3JSd9aMATAzIW4mBwoO-oRIy9s5ywejrD14HgYWOlNg,7,Leblanc,blue,MIDDLE,2,5,2,918,7737,160,2033,6655,4630,3020,1082,0,3364
3964649234,Of0MuYsdkBuP2Y5VjwYT7UXASKKCxcoW7PVqtWw99R5u1SyD2GHrCgI2PQ85jX4RP-9NheaDzIMGGA,150,Gnar,red,TOP,2,5,7,15420,3033,9313,1055,6632,2421,3123,3071,3047,3363
3964649234,Mb_0ADd6qZISklzzawCu2vEa1XdXfFu3nFR2ytKVllSk-INym1DSRVgclUnTX3D0XFRrCmq2waQmRw,64,LeeSin,red,JUNGLE,8,3,12,11905,1332,29490,6631,0,3053,3047,6609,0,3340
3964649234,LhflBwUZDxyHT8jEWAAGbsB_eTEEYMNjSXiz8ch0OzN9BCeFRGstC9G73TtAA7AVpu_AkSIoQL8seA,84,Akali,red,MIDDLE,9,3,3,989,15047,3691,3111,3152,3157,3041,4630,1026,3364
3964649234,DTSnHVlg6RGyFazeGrpPESSzKYWODTVOE5hJBH5N-RbvserFB7qa4EZO1z_KR4pqsZ17j3D5f8aOKA,202,Jhin,red,BOTTOM,8,0,5,10101,1448,13196,6676,3094,6671,3009,3123,1018,3363
3964649234,xxy-jrnXlXtimg45OqO-_xyRAp992ji18wnnx1kyDdu1DdKPJejh9mJu6d9keVDdHc11UTothVjkgQ,111,Nautilus,red,BOTTOM,0,2,9,1039,2290,2669,3857,2055,3190,1028,3076,3047,3364
3957733846,8NzQimxCxg2nkeybpfJa4hq-LoT7Z4ZZuurRbjGjzh0hSMr-AOB8kRYPGxkmgDVl1_z45ml1e3eKJw,236,Lucian,blue,MIDDLE,6,3,2,12436,992,7131,3508,1036,6671,1055,3047,1036,3340
3957733846,S3onIYJFA51ixgBo91YclB_C_amOpeR1rGE03vqs_GOJ2Ykcj8TW3zm8swqAqgox-IFVvMcZcsYhBg,5,XinZhao,blue,JUNGLE,9,1,7,13737,1195,23202,6630,0,1057,0,3508,3047,3364
3957733846,fnQzgaIthYnptbBePf_Y1CTUdSpOZip-ao1sGQSiGNZuuK3KtAt8vzjlqOt6oc-NK2M6UwAx9ifKHw,517,Sylas,blue,MIDDLE,5,4,1,216,12066,1131,6656,3191,3158,1056,1082,3108,3364
3957733846,I8WQJSHZ33vYRDuO8tyjGHIslEGmmbIUe-jPoYPl7duk78EZ2BywfnvW7ABYlfhAniXX_7Ln0FPcUw,110,Varus,blue,BOTTOM,5,2,10,16081,2708,3042,1055,6691,3042,1001,1036,0,3363
3957733846,aykLymojCjlINsaFKw6tb0_-gtQoFQch0AxQytIjp2pUQ4YQ7ZiCDLrVnNa-d56_nRtIiNam_niWZA,12,Alistar,blue,BOTTOM,2,4,14,931,3576,498,3859,3190,0,3009,1028,0,3364
3957733846,w4mOMfUafKZTQgxilIIDvGaByZH-LfLJp3Y55J5s0LWyAQ6qzHMWJhpuA6VKA7HO3ltB-UgLhytkLA,126,Jayce,red,TOP,1,5,3,9798,2649,451,1055,6692,3133,1036,3047,3070,3363
3957733846,nvoQLAS_JP659ww8VPIOdnbD74EKsKnkg3h6x43hsO2S3z3alYHZMco-ftjHLOEXTVB-OFEouxi06Q,887,Gwen,red,JUNGLE,7,5,3,3398,10061,6579,4633,1043,1026,3157,3047,1082,3364
3957733846,yhvc7UXpaSWfEi2ltdKrsWlSynWbPQI7wwYd7QRoUPI7LBAvE2rP6pxP6uy8PMzRC8Uj9gwhTh-4Pg,7,Leblanc,red,MIDDLE,2,6,3,1426,8579,1492,2033,6655,0,1052,1082,3158,3364
3957733846,WIQqPBCR28eHtQmrCSYITukbEGZ9wbZAT6r8jULYJ6b0W1CbRomayoTTAVnbfExKJ66zB9SDRCCOpg,18,Tristana,red,BOTTOM,2,5,2,5907,752,2581,1036,1042,1036,3006,1055,6672,3363
3957733846,EFhlqZvWh7YYI6RoREOEMVCqXQzRUgSsyc2l7VubaKPa38I2PYHjonQfWCQeR_eVwqTlkhbnainpfg,79,Gragas,red,BOTTOM,2,6,8,921,5174,1976,3860,6656,1052,2055,3158,0,3364
3962337733,1tsc865FeadkwCYzevECIzDxESqgXEeCxIqMDbLpAQcJ5BLtQIvcm9HlkWNhlZPIqOayOwDEtTzA8w,516,Ornn,blue,TOP,3,4,4,6223,8311,2060,1054,7005,3001,3076,0,3158,3363
3962337733,1ym8SkuRzLjppLgDq1CXhJ6AyraeNpje0zivgqvO02Cqj-VbQPdpkahGQFvc5NniJpRX9Sjlpd_LIw,5,XinZhao,blue,JUNGLE,3,6,7,11027,700,2371,3044,2031,6630,1028,0,3111,3364
3962337733,n7AWsbaslrr7qf-rT2fVF7l8tpUt25PlYXye01nswWbviqp4LsDLYQUSLMI5gGF9FmRi7OAV5kTO4g,147,Seraphine,blue,JUNGLE,5,8,4,1389,5494,3335,2065,3070,2420,1082,3158,3011,3363
3962337733,BF883ESX2fJmCwCOlrHA1AIKmaBe-cJDRn7zUq-HKdSBFZdyu3wKfxXOnERrFyzk1KgCfz6OLA0YaA,429,Kalista,blue,BOTTOM,4,7,5,10115,0,0,7008,3085,1042,3006,1055,1036,3363
3962337733,3srdaNkSwevtOCaPm6BKk2PXWOpBv_hLZxmjPesWUmIozzQ1-kqvisT0LNS5d1eDLeqJcXTPzi7Wlg,412,Thresh,blue,BOTTOM,2,7,8,1305,4630,0,2031,3857,3190,2055,3009,1057,3364
3962337733,UbVzwrr_3idI4ofgyq1gGm0Ot7yZcVrLuaW6BV7qEIvhaUEvT06xA5yJY4nb6nm8WxDz7atekccvyg,58,Renekton,red,TOP,0,5,3,6249,369,21400,6630,1001,0,3071,1055,0,3340
3962337733,mjKeJ3AlDXrnpks8NP6ln9YfBs26vu0Ff4q3O9_g8rACRvUtBcIzXSp6REoF-dbI-M8DXNw3fkyECw,141,Kayn,red,JUNGLE,10,2,8,11557,1129,31090,3158,2055,6631,6695,3179,0,3364
3962337733,f7kLifuXnTsrgZ6uzQI5JiKlVIpa8o3uYOgoGbeCoEJaC6E2_65FD-54WTxodsNi0YFbsSpp68tZCA,20,Nunu,red,MIDDLE,13,2,7,677,16927,1044,1056,6656,3041,3157,3020,4630,3364
3962337733,EZHa_UkWlV5fB0_vW1WCfj2zb6jRZ6ibspM3JSd9aMATAzIW4mBwoO-oRIy9s5ywejrD14HgYWOlNg,115,Ziggs,red,TOP,5,1,15,1003,21739,20780,0,6653,1082,1056,3165,3135,3363
3962337733,_oPS6swhcSRA70bcAXsgbMWuBlnHhkVNx8Cw4q46J8MX2pO_2jCT7qKXrDBmytekJAdHra2hKfGbMg,518,Neeko,red,BOTTOM,4,7,14,1594,9262,3964,3020,2065,0,3860,0,3157,3364
3963069307,tF0qSI4cJdN7JwAIhcSuUPjd0KEBwcLuIJQ1Px0-5YOS-Jl7N5c2rGaGKCdhsHyEwBI0ybNr5TJ55Q,68,Rumble,blue,TOP,1,7,4,606,16250,2012,4636,3157,3020,0,0,1082,3363
3963069307,AWvZMkBIHtJo_dHyOJpiUcz-tl8W6XGHBf6ipJCbMYZRNrXFul8Z-vG7_hLomA5F_8ZkLXsx6hfAFQ,421,RekSai,blue,JUNGLE,1,9,2,5114,25,8306,3044,2031,6693,3047,3076,1028,3364
3963069307,6xjXrCkpg1hJi0mllhe9NRMLqQ3EUZ3uixwBbSvw96Uzo_S3BGiIf4KY_iqbwSf4X2uABJ4oCNvTsg,3,Galio,blue,TOP,0,4,7,174,11078,285,3157,3152,1052,3047,1056,0,3363
3963069307,VpTBHqFSJo6fLSdgacsMZDylAvzC-wcgUVathfCXfdSYcshzXqMY6iHnrecawxJHLSYH9L5Bb15b_g,81,Ezreal,blue,BOTTOM,8,2,3,21606,6277,1318,6632,3158,6694,3042,0,0,3363
3963069307,qWq0d1TJH8J1VtIFsOOlUdonjyigLZGvn5Rm87uK9SrC1HUEJ73Q25LmCyvdaKeSxLc5i-qkDnmHpw,12,Alistar,blue,BOTTOM,2,5,6,931,4824,0,3860,3190,2055,3067,3024,3009,3364
3963069307,PeuT2KFvjwgob6gvmM0UHMrqzM_Ll5oYvgvbheLwWz53I5xF2szbs8ug6qNmZ7DCbPmLEZVL22V6pQ,23,Tryndamere,red,BOTTOM,5,2,4,6757,995,19730,6675,0,6671,3006,1036,3086,3363
3963069307,npgTLDbSdT1c2NZOo_H1j6AGBgdBTGRi-Ykn0F0-IMgvJFTp8joMXIXXagZjQQsrG7CCoIx2zEjcUw,106,Volibear,red,JUNGLE,3,3,12,6666,1131,29291,6632,3075,3158,8001,3211,0,3364
3963069307,7iAFYYzVl_rW4DnUJMl0Z34OM0nJidMTe8Js4ADz5nWoGKmhFNSWjzwqlsJssSfnLvYJ7h0bZpVIfg,13,Ryze,red,MIDDLE,8,2,10,978,23027,20451,1058,6656,3040,3047,1058,2421,3363
3963069307,H82a4XyVdsHD-f2UReqq7EE_efpZlwZHYkOZLqERd7rM1z0XWiRlX_qr5BkPNOlYmWcPe0mibythxA,92,Riven,red,TOP,10,3,7,20511,0,6850,3158,2421,6630,3071,3074,0,3340
3963069307,a3j35gEPBfvdtcSdWeP4Pks3BrX1ZtUgKgYu_Y3-117C1zBIX8gJ9As4228JjLQdVQuctQC-OzHaIA,43,Karma,red,BOTTOM,1,2,12,827,6375,8747,3158,0,3011,0,3853,2065,3364
3962182420,4IJ71xGBiMiOPhmsg5f0NMPOR3LkdlMHNRSVysY2ykhQtgqMd4KThixYIoCRZsRHbB9iGHShkGUv9w,62,MonkeyKing,blue,TOP,2,2,2,5840,1858,3208,6632,3047,3044,1037,1028,0,3340
3962182420,ShoNQC44lYjBScFLj1NiXrCcwIw1Q1vXA0GR5SJ6j_aCuC-6XWKFvURJtawAwq7kNtBRdYaVnje5_g,64,LeeSin,blue,JUNGLE,2,4,4,3244,1037,14576,6692,3047,1028,2055,1029,1029,3340
3962182420,IP20XZCxL_xKUZEgF6SXEuH2ExI15rf__OttljIuZgVyqDkvaWdhDikCZhB25sLsfA-PnFAjaSJtIA,245,Ekko,blue,MIDDLE,3,5,3,1113,9328,651,2033,3152,1056,1082,3113,3020,3340
3962182420,SZYQeMg_3bStqV79uiSnTnsXDsVtX5-6hzwnQU4kwbq8WX8BUtgYPTzHpqM_JfMxf2ZH1a8eSmWJ8Q,119,Draven,blue,BOTTOM,3,4,2,8706,82,1752,1055,3134,3508,3047,6673,0,3363
3962182420,wpSWHiYOBdJnArjnA-ucW5cl2XS9FrsjH-GeYNZEG4gu6z6p3yq4YcbppveydmPaUFB6VyIRrg3WQA,89,Leona,blue,BOTTOM,0,3,7,563,1204,2718,3047,1029,3190,0,3857,2055,3364
3962182420,GlfI9PRJn79Apn_ffq-HEmj-OJca8aZ1nPBC0AMkWE_GX5kTPvr5zmndjNktAOJLycfLK4D-bHrOXA,42,Corki,red,TOP,2,4,4,1345,15018,10093,3042,6632,2033,1029,0,3020,3340
3962182420,jEzd-YxkabgxCy0bfyPJN4rnSPZfConRIS_cOUtIa4L9l1ALQZ6-9WE6ZUWQPjSXSANlgmrFtaNJqw,35,Shaco,red,JUNGLE,6,1,9,5939,3567,17477,6631,0,3006,3153,0,0,3364
3962182420,DiWdiZJY2Fbp7XZB3LuoR3mL-qtYlYILv2M6H6XhuITDL5e7nwnk3G7CD8OCs7fDPQs5b-sRH-uLLg,236,Lucian,red,MIDDLE,4,2,6,9428,479,8728,1055,6671,6694,0,3158,0,3364
3962182420,mVh78Q_TQTuIFbTQrWVNIHcc2a-BEK_0Dc_4UDfOO34_jDaJQaoL-etjoh3Mb-4qg-WIvqHwifIzXA,115,Ziggs,red,BOTTOM,4,2,7,643,12080,20070,1056,1028,3157,3916,6653,3020,3363
3962182420,oSW5L9bfzocZW3drImWLIlKdcALxgr7www8NEbfhZkq-Ho0xYyzFgwwpUToUlUc-viX0-fCSYPz4Jg,111,Nautilus,red,BOTTOM,2,1,10,1084,3918,536,2055,3190,3860,3117,1011,1029,3364
3963927121,uy59iUBLHy2rn0BDvVXhO1kNuwRJNfp5kOMG7CRCcJPbZI0tfMxWsbLA_6EHA6OQ_gGwcD9yOCQx_A,98,Shen,blue,TOP,5,1,3,2955,3294,3130,6662,1054,3110,3076,1001,0,3340
3963927121,GYU28FKGTxQFOD81Gga6tTDzUM0QsKtyrCDk6IOfvVujfzaPjQPSn0BIu_r5dWqu0OTp9IT4O1yHrg,20,Nunu,blue,JUNGLE,0,6,2,628,5961,15111,6662,3111,3076,0,1082,0,3364
3963927121,VbW0aGAYXg0tFAsr4T08afimeXiKhX0So2uOZk1zi2qVFrSSG3wMTl1NXyC9JXi6DDfMSEzQzW431w,99,Lux,blue,TOP,2,7,3,979,8416,644,6656,1082,1056,3158,0,0,3363
3963927121,76mcj8YClXVtVrOfFc6I3G3dEmjleSlfYN9IGPJXH7aghKGLnBwkN4sYjoq9jkzCggWmb6Msrj-a9Q,81,Ezreal,blue,BOTTOM,3,4,4,9432,2388,2314,1055,6632,3042,3047,0,0,3363
3963927121,H8tTASvlYv4i2aw3-cqWMb0oqGwvP-T7fJcPjHydCDxM2FWMEI5a3yQpxTUPsw8fDVac-bRZPsDM_w,79,Gragas,blue,BOTTOM,2,1,5,1175,5516,2024,3860,0,2065,3047,3916,0,3364
3963927121,q-uZf1-lnWKGsnw-q5TGuI9yjkb8eRa0d-EImzzV4DZltUyV8kL-6Jc8UkQAj_ld1Q3Dv3P8cFtpOw,122,Darius,red,TOP,0,1,6,8715,0,4892,1055,3078,3047,3044,1028,0,3364
3963927121,PVs2hyITJri8YqImQLhcStdNaklCq4zBbpIjg-jMDrnIi4gzx41sd60X_58IiUqeyL-nvD53ScIG5Q,121,Khazix,red,JUNGLE,8,3,5,11294,480,22455,3158,3035,6693,1036,1036,0,3364
3963927121,onLjE_tiKQf_OM-8lyzzxqAbloOGwLqkZ39mgQw_fwstT1BYInNr1GknWt0DNZSmeGIQz2ekOCHRbg,234,Viego,red,MIDDLE,6,0,3,11911,1181,1227,1054,1083,3111,6632,1057,1042,3340
3963927121,HFMjbJYkSXMStnPrb6PqidJ-nPWS9N_PIs7oETjJMH9momedI-Ct0JQDwKQNA-4QO4bElqW1JWf-Kg,119,Draven,red,BOTTOM,4,4,2,10180,0,5680,1055,6672,3006,0,1018,0,3363
3963927121,4px_fiZiPsfVNuhRiY57kwJpRBlLDzgNZ3_x3Ag_JB4rv9AoARYwwHKanwf5JKd4G4Hh1B97H6lV2Q,43,Karma,red,BOTTOM,1,4,9,500,4473,545,2055,3853,2065,1082,0,3158,3364
3964160168,zzThGgOi8ml_NaAx8la_UT7ShSLL_3dDbMuHoz2FwzTK4hSgBittkkGAYYfo_ghrvWpZ_UbTP2IL6g,157,Yasuo,blue,TOP,3,6,5,12986,1141,8905,3006,3033,1038,6673,1018,0,3340
3964160168,Rwbx7deyZeTKX1VVDTZAuLOu8TfI0A5fsoOE7mWV86m_MiOpAcxiF3dGCsEWyqeT6UzEnS0Co5-bsw,5,XinZhao,blue,JUNGLE,15,7,6,31561,2228,19210,6630,3033,1038,1028,3047,3508,3364
3964160168,c1iS_I7ZVN4a6KnUR8nwqlIgkaoAxXq7B3agXyD0YlPfVncU4OyFLgj0KS8srWZzNsdG7c23CvHsjA,13,Ryze,blue,MIDDLE,6,3,6,1001,17938,10043,3040,6656,3110,3158,3916,1026,3340
3964160168,5clwNTCtJziK9n44cI39vaGMlm7XBpLQAJ4lbKI1CcKbv3TyiskSzlxA7LHQ2OZ6tRu5WSnEtuGQGw,429,Kalista,blue,BOTTOM,2,4,3,7703,699,5390,1055,2420,6673,3006,3033,1042,3363
3964160168,hDxcwtSdh6IPViWQED9Q3M7V5L9q_MazO8pPauf4NjJi0G256OFYmL5H1Btw3FbMIXLwDgGkKQE0HQ,12,Alistar,blue,BOTTOM,0,7,13,924,4987,81,3860,3190,3047,3076,1011,2055,3364
3964160168,nUMZkBw7O-EK5d-1xQNAZhHKaO_G47ZV7A1AwJjcbptm-YQqaV7ABPfmJ4sd2t3h52oLtsgwPbEiGA,114,Fiora,red,TOP,5,6,3,10115,298,9559,1055,6630,3508,3047,3044,1028,3340
3964160168,nGHP6PVRo4ZNG8jsHi829vPyTWLYJsLWlPEK1AUvDZX9VWjoCCOvT6AA27I1npAFRap22JOZ07N4kA,141,Kayn,red,JUNGLE,8,6,11,21614,427,11818,3123,3071,3044,6630,3158,0,3364
3964160168,-QfRhBAr0_BtuYe09mr7Tz_LI3QqztM0uH8z1smbcqBkWUdB-5sO65LQr7B_7EmH9WcKpszLCRzz0g,517,Sylas,red,MIDDLE,9,6,11,1052,20157,4774,3158,1058,1058,1082,3157,6656,3364
3964160168,_H2hqreHsMDjvotSJBSrp1_AD2so9k_UI8wuR2olAXbAJPPWhnQAlcnOcPJbtlXj8Ia_5AeLDNF9uA,81,Ezreal,red,BOTTOM,4,3,10,14881,8115,29294,1055,3508,2055,6691,3004,3158,3363
3964160168,Y2uLAHCD0ThukUoj2oS2loOBMpYD8E725amb588bZ2E1lN_tgRhvT_xuPf1CqgI3cOtWVOZeUlomnw,89,Leona,red,BOTTOM,1,5,18,3372,3595,751,3857,3190,0,3047,3076,1028,3364
3963656963,0LsOEgMLKpZE4GDIuD7DPFLYR0k908gnBRUOuwEMthiqx_fx9xVzC5thk1iKx7GrhLgQ1vNpmJfoOQ,266,Aatrox,blue,NONE,3,1,4,11072,59,1066,1001,6631,3076,0,1055,0,3340
3963656963,yK-pBhnsof5QkzNWUMlxB2W75LaZAWbDSusH6qE3IkaScu78czw-nbjsCY5sBLvzXLQXPFHTfB1p_g,5,XinZhao,blue,NONE,7,1,7,9620,784,6966,3047,3076,6632,0,0,0,3364
3963656963,xBmOoaMunAPhCnoE6MwnjFl90TuYK6dIRfE3XOo5DZQ42yJG3QR6hYjw_UHWCdARxf4fSFPXClsQzA,236,Lucian,blue,NONE,3,2,2,6821,678,2566,3133,6671,1055,3158,2055,0,3363
3963656963,RrEi3KL9wx_e2QG-iKqE0o7R8RANHbzAUfOW182JWEO4F8Qwna7clslcrpyXhFEuXXF2zwGgWaLegw,115,Ziggs,blue,NONE,3,3,5,1133,8583,6796,1056,3041,3070,6653,2031,3020,3363
3963656963,4oc-XdCuqr3zRhfMc6SS6qEXOyAKO0LAaRbkVmwZiTL1YJABv81JINfXrGrlzqd3nUr3tWu_r-RZow,432,Bard,blue,NONE,0,2,9,1312,2222,475,3105,3067,0,3853,3158,0,3364
3963656963,W7SZG3I9AZvaGImZWcZjxGm_tEABec5KeMvyx6tEUiQSsAodHrE6Ly6xfBDuIC-MgYVytmN_mDTIPA,114,Fiora,red,NONE,1,3,1,5477,870,2463,6631,2055,3123,3047,1036,1055,3340
3963656963,0S0abH9NHqCktD4-UmC0oZGYeirYANrP65eenjxoLp3Sb-HK8ns9XjhdFkaGLAMmSu_-hzeiIPf-4A,104,Graves,red,NONE,0,4,2,3597,309,6471,6673,2031,3047,0,0,0,3364
3963656963,c43fhdLjJ28_7iGUUSFQ_3QIp0ksqwSmGYYZ5g1xa740gqkdkWSxbxXN4BIM9S8wqKm4xDUEEWJ7bA,517,Sylas,red,NONE,2,2,1,325,4706,398,1082,6656,3158,3024,0,0,3340
3963656963,MWTzfjO4U6ga_0iclHaTiByhWKgok_STck484EL5HajYfe3yA5ZMxZjgNrGeTb1u793aAMbRLkyQpQ,18,Tristana,red,NONE,3,2,2,5327,1270,0,3006,6672,3086,0,0,1055,3363
3963656963,9o2xtP_0ADu66G5yTvZkTiVd6yKfPLhKKD09bqbmDpyhstPhPVx-wJbjJR85XOePLx5pSKs3ZGe1JA,223,TahmKench,red,NONE,3,5,1,665,4943,0,6662,2031,3859,2055,3047,0,3364
3964026582,iKfBe9JGCSW2KZwoA-fL8UyPFv6jYGzqkRYj9IrO2SyhklfhjU-ht9xhHRoqc4HA1W9C3QfEuFjLLg,887,Gwen,blue,MIDDLE,3,9,2,2546,3118,4779,4633,3191,3047,1055,1056,0,3340
3964026582,5gy8ZxWHDeKu6Hv7Bud2eymw59ZifF93RXMTCL8ceurnL9hTuojPxJ1767HO3isDMAkeZ6sKkdgICg,16,Soraka,blue,BOTTOM,1,5,4,324,4314,182,3114,6617,3853,3158,1052,0,3364
3964026582,Hb9Bbd_sKXInxLiG84khhd8Ds0JomKhKSa84AqSxrONZU-k6eQjFiUsztHsszdPmuVh7L7-1NewoSA,777,Yone,blue,MIDDLE,3,1,4,5339,1533,6036,3031,1055,3123,6673,0,3006,3363
3964026582,0g7o29rNgMQs3admQ_T2QSaz-iGHPd9wU_OaEw7IUTb3W7uULrRVE1KXMPRrfWCQpKV7R2gesM2WDw,523,Aphelios,blue,BOTTOM,2,7,2,8770,400,332,6673,3006,3086,1042,1055,0,3363
3964026582,yK-pBhnsof5QkzNWUMlxB2W75LaZAWbDSusH6qE3IkaScu78czw-nbjsCY5sBLvzXLQXPFHTfB1p_g,113,Sejuani,blue,JUNGLE,5,2,4,6195,4294,13708,6662,3075,0,3047,0,3067,3364
3964026582,VYxaz9D-uRQ91zZq8diMjzJB65UaT8s6PYDpvf2TFMwCf1CtaX_wZZkGiHoruH0irry4kjEIPkOAbg,24,Jax,red,TOP,6,3,3,8552,3492,11572,2033,6632,3111,3091,3071,1029,3340
3964026582,kVuCltPbTm2emX50oeqtJK4LT1dczy_RodWBadM2NrnGgUHrutgZts34sD-7IyF90BqcxV5KziNEGA,9,FiddleSticks,red,JUNGLE,6,2,4,124,15774,20053,6653,2421,2055,1052,3020,3135,3330
3964026582,32RwwkByWyvhbHbOj54wveye4dGxTZ9PlSS3MYUMcg8Y60JG6hQmWgEtu6fWphN2YFsy-LCC6ZWdyA,236,Lucian,red,MIDDLE,2,5,4,11755,909,9799,1037,6671,6694,2031,1083,2422,3363
3964026582,SZYQeMg_3bStqV79uiSnTnsXDsVtX5-6hzwnQU4kwbq8WX8BUtgYPTzHpqM_JfMxf2ZH1a8eSmWJ8Q,81,Ezreal,red,BOTTOM,6,2,6,9188,3432,9775,1055,3042,6632,3035,3158,2003,3363
3964026582,6qSWESEXYrXcoQV_YIQW1Fcg7lw4vKG31dXNI82sbokxyuoWgJcZjEe_WzVHVAiIwT1S4lkSnmHPmA,111,Nautilus,red,BOTTOM,4,2,14,2920,5604,1945,3860,3190,2055,3001,3047,0,3364
3962232245,SYzi82yzvNEiqMAzesAeAkubihfyKk3yXBXiqOoIq3hQAS5_17tzdK-A_BP3MgM357yqTJwZmXmy6Q,127,Lissandra,blue,NONE,2,1,1,1510,5505,944,1056,3020,6655,1082,0,0,3364
3962232245,WOtZORYEIy1YXdJlVIRcF2Bx5Atygryh8VttLwCcv3Fx_9lBltLnRnZrXrwc5hZaoDSX3sX2PYSvPw,19,Warwick,blue,NONE,1,3,1,848,724,3939,0,0,0,0,0,0,3364
3962232245,68Yvl-Xia7jWKtyYDYn727rz7bRsGVFND_Y7Ng4wG_n4QNH5OdDJ356adDmh2p5lA25mNvk-gZpd8A,234,Viego,blue,NONE,2,2,2,8173,151,13922,1055,6670,1037,3153,1001,0,3513
3962232245,6ZKKPPpFgOjrU7J3tf51GsJbmJrmLFLIkqRC5pCwW1oMs9zwxYWbk12Oeq5NEyjXvPZGo94pWY7v6w,360,Samira,blue,NONE,1,4,0,4081,348,346,1001,2055,6673,0,1055,0,3340
3962232245,h3Ykwpidx0jCCE_w1ee6Vuux4pgjJoE0H-EX5dcWV7DDAgCjGGzyoxqmdgCV0L3gVOEhsMKWAhTATA,432,Bard,blue,NONE,0,3,2,824,2344,216,3853,1029,1033,3067,3117,2031,3364
3962232245,qAVKJWpiEyrCJFprMRomrTY4t_Ob9nTCkjpiN-QR9fn56B7CZY2qzv8p1v2h2yokhbtTdjCSTyF0ZA,106,Volibear,red,NONE,1,4,1,5856,1090,1173,1056,6632,2055,3047,1028,0,3340
3962232245,t1Pl-rrUz_J1FrtWypt0US44ovTKeiJ4lOpqRXk7nLEm1HJPjR5mjcdWQ7wRlXNjc8IeutlZEV4N1w,64,LeeSin,red,NONE,0,1,8,3079,728,7732,6630,2055,2031,3111,1028,0,3340
3962232245,6q_T8HdpB0UadZJsaqbVy4-jrd92_6ibhoh6ns0Q5WrxCHAXhK5fwKARZi7KqZmswhvjId2mmOOmfg,38,Kassadin,red,NONE,8,0,1,653,5828,2660,6656,3157,3111,1082,3070,0,3364
3962232245,JbYRptubgWTXGUxEJ3u2aSpHb0qJvlYil11Gta2oP2R-liyORJPeWZD2Ak9zsL30H2ETmZxI3y4NUw,81,Ezreal,red,NONE,1,1,9,5784,1311,1728,1055,1001,6632,3070,3123,1036,3363
3962232245,LVWI2rEYR2YrBH3fUwSlNXuxmxcPPrIVT7yzgNEVMPvSKsVyLtyXIsoBcOwX6h8eHMMNlCc1CfTCLQ,26,Zilean,red,NONE,3,0,5,781,3216,2675,3853,2031,2065,1082,3158,1052,3364
3954663706,nKoyZRgpMTk336f_lQhYXtP8xuJKjreIjOyLz651AjvJ8PKVaalx6K6cg3tdpwRo2_TxEetmOt5d9g,56,Nocturne,blue,TOP,0,4,4,9584,739,8023,3111,2033,6631,3053,0,0,3363
3954663706,Cm1N7UrBcWNgPfHneff2HUncfvTwCTW39ELFefn-_fhoSK7sReJZfPTXw6ald81LCYrHA7DxUoSdoA,104,Graves,blue,JUNGLE,6,4,3,7262,562,30020,3033,3035,0,1001,1018,6673,3364
3954663706,PSndV4kKddJRfJLINOSXgT5iEd9plgtdNBiDGtIdS_T6Vm_KaftvQ07FmIbYzqXUBZE08LqCpzMVWA,43,Karma,blue,MIDDLE,2,6,5,914,7525,576,2065,0,4642,1082,3916,3158,3364
3954663706,jYFaaaljq1JWAM3o9bNMKnHHXlwP_984TNFlwaOXex4mUZKOXAGeCWtuyRvORlnI33FCKWG4Fabb-w,119,Draven,blue,BOTTOM,1,3,1,5814,0,3152,6673,3036,0,1055,0,3047,3363
3954663706,Fc8Z5pDHT3Bt2OhCjOKEl55DtP013KWXi2CGTUywFkzCYiVbuS9ahl2gMLguWEPv3EN0Sc0ds80zqg,53,Blitzcrank,blue,BOTTOM,2,5,5,1871,2974,1934,2065,3860,2055,1027,3067,3117,3364
3954663706,6HFM5fHS7Cf6WtYCMp2_VOaVuJZl2uUHyiBb-pkXxeTHaYdsADXzqmau5OQgZij7MoUWwD2oakD7qQ,36,DrMundo,red,TOP,3,0,7,4268,5851,18914,3076,3047,1054,1011,3053,6632,3363
3954663706,DIUkmh6QTv1b__kMhf4VqbcLDTb1sX71kCqeNRA2PEMmArRrAB7sqw_TD12FUMwTcqjxW9yUNUCwQA,203,Kindred,red,JUNGLE,10,3,8,14356,3479,35582,3046,6671,1038,3006,0,0,3364
3954663706,y40YjUmOcbbebX-_zz8D1bvJDxbYlWBt7yVzjCeqKbbgItcCVbaO28JeuNFo_Y2-UyBQwPIHVHTmNw,117,Lulu,red,MIDDLE,1,4,14,1147,5936,832,2033,2065,1052,3158,1082,3114,3363
3954663706,Y2uLAHCD0ThukUoj2oS2loOBMpYD8E725amb588bZ2E1lN_tgRhvT_xuPf1CqgI3cOtWVOZeUlomnw,110,Varus,red,BOTTOM,8,1,7,14344,2513,10090,3158,6693,3042,0,0,1055,3363
3954663706,_GhoEUq30hsnHI63kUK5iqw7kRaJeUH_geHGyj8-bLBb_z_nVeHv9J4ycAl67vqqX1hih-Gj9Fhw4w,412,Thresh,red,BOTTOM,0,3,17,747,3026,1614,2420,2065,2055,3855,2031,3117,3364
3962375158,4hzHvIfjfNJz2iIBe-JcKqaBLOBEIm8IiLVmkyEQ1f3ux5YnjnQYx7c_266azPwuNBU7x2HEAuKG9A,17,Teemo,blue,TOP,9,4,12,6260,30186,11784,3165,3115,3157,4633,3006,3102,3363
3962375158,Ad9iX2nZg1ollEA8QzCDT7ITv5IrV5pCejxAau7g3xha4EWXSGlWjpcjw96IaLj0y5FHsmjGpWV1iA,245,Ekko,blue,JUNGLE,10,8,10,3293,25630,19583,1082,3089,3152,3100,3020,3135,3364
3962375158,0YrePaJrntQTAC3747Ow-psk5FTFQDWE3btG5S1JZkIcnwkmd6LGVmMC3esLj-cOEDDqRha01LWGnQ,246,Qiyana,blue,MIDDLE,12,9,9,28896,2230,4058,3155,3158,6693,3814,6695,3035,3364
3962375158,VqnPgpKTC_kfOEmGf77X9CnVEnePbE-0QDrFSH8mGEJc8JQr4r0842rBstSQJ8Ddq-kJWkKarwBGtQ,15,Sivir,blue,BOTTOM,8,11,13,27315,0,10015,3031,6672,2055,3006,3033,3508,3363
3962375158,bivQ9ujmMHybYzWHU9_6eGTa0zryA4hyilp7gZnn4DQOoS7Zk6-pk5_qzUr7hlzsnqrNvCQpxhNiqA,48,Trundle,blue,BOTTOM,5,6,22,5325,2886,473,3857,3190,3158,3001,3076,1011,3364
3962375158,ch8L8ZvKDrW7iUUu-HideIqddYDakHjvAKE-dI2iKHDNY8xcRzre5WWT-WPn_2mpOcFncHfjSNm9AA,14,Sion,red,TOP,3,9,4,14978,1342,24280,3111,3181,3142,3035,3133,6693,3340
3962375158,hIEWjzP5jlsUUtmbqLtAzXTYSq2XrI4U-Fad0YbXchtdQ1HvpftStXADvU_3DNEeOmuP1ZpTfTnDxA,234,Viego,red,JUNGLE,8,8,12,19603,3938,27644,6632,3047,3091,3026,3053,0,3340
3962375158,khhU7xMKn50x_IWJKdm71k5vuMCQrOHEkUXLuBeaupqlRPvNYYck-2yjmAry3IZ5DFcqhTUs0AHAqA,55,Katarina,red,MIDDLE,11,13,9,1719,28355,2715,3152,2420,3115,3020,3089,3135,3364
3962375158,wKiyrWxPrnbpn0vQsQnSGW9Y6NB1MNHWR9BwOvmsnKSJdSRMpRSXAzjLJ3TLyw9SrL9gqR9hYX9jOQ,50,Swain,red,BOTTOM,12,6,11,1816,31124,20883,6653,3157,3020,4637,3116,1058,3363
3962375158,Kl-BbONAy59iREhvTNJLTaguL502FgOgNNcNoZdZ8AidvjJhHoQfVOaCGs0pNusdvirpNWtZKY2w1g,22,Ashe,red,MIDDLE,4,9,18,13223,7412,4302,3864,2055,4629,3157,4005,3158,3364
3962471142,-WEHA7JkhDxwTXgdMpY9gqlwWU-uECYTvTLvI0jyrEjeM0AVABZdncm-5nuvQBUGSRqHg9dNLN3ddg,58,Renekton,blue,MIDDLE,12,2,5,19797,2061,7322,6631,1055,3047,3153,3133,3067,3340
3962471142,VhveSTk_JnUdsr7xA8w2BmTkB67p7blzfhweDQD9gVv0RpV1SBcp6KZBLisdIzZr9mwzmDnD4TAxfQ,79,Gragas,blue,JUNGLE,5,3,11,864,9247,7794,3158,4005,3157,3108,2031,0,3364
3962471142,_DfaO_vPlNP4smHSzDtrNkItgjxWpd81C5m9qbmtSwY-sQZyjZLHPg29oxKRb0djW_VHmAMnXPWcIg,234,Viego,blue,MIDDLE,2,5,5,6052,393,5494,3153,3047,0,3057,1055,3067,3340
3962471142,03ZEx_9iVC7dFTz0-AC-nUCPkF71IalKtSSLTiQ74HPvmRWNuWTlmFh7uBX4J_osGn5haBBohQbG5w,21,MissFortune,blue,BOTTOM,10,4,7,16635,300,17810,1055,6676,6672,3006,1038,1053,3363
3962471142,2kBRF00dwXVdFPhL_j8GdvFmN-EjM-21jleofZl8ac6AILV5akVlybje3j5JRrIyxhjbrqna3Hajig,40,Janna,blue,BOTTOM,5,3,22,750,4565,3079,3158,3853,2065,3107,3067,3108,3364
3962471142,1tsc865FeadkwCYzevECIzDxESqgXEeCxIqMDbLpAQcJ5BLtQIvcm9HlkWNhlZPIqOayOwDEtTzA8w,875,Sett,red,TOP,1,7,2,6984,102,3090,1055,3047,6630,3076,0,0,3340
3962471142,NtpbBigR6dK-Mkgc-0sKZMkJNBd7AOK4LotTsYsBczyRm84UeRdk5IcSuYrWYBZr5KwCLpcrHk4nLQ,64,LeeSin,red,JUNGLE,4,4,6,7832,1499,16613,6631,3047,2055,3053,0,0,3340
3962471142,NyKP_H6d0kiPIsq87fOWuwaLv5lNu-MgSP0nOsNEKhQBG9-4dsz1UWlBzq4INDyL4VWI_aWfGIitFQ,246,Qiyana,red,MIDDLE,8,6,4,12505,1171,5079,3158,6695,3035,6693,3133,0,3364
3962471142,tONEpsDIHJQTvKzRXLY11f7Wmkea271ESRhJtmHvxZUZKz7ceG8pckkNL2sineT0HuLq1KW9PmaYWA,360,Samira,red,BOTTOM,3,10,4,8097,1577,1810,6631,1055,3047,0,3123,0,3340
3962471142,--sAgLxKtHo_hwd5DyTFsFpxmFYLOigga_v9jR6WHCRVimyuP5PRLd81MoKp2B9TfEpCr4XTQzdeLw,25,Morgana,red,BOTTOM,1,7,9,648,5590,785,3853,2065,0,3191,3158,2424,3364
3955126723,tVEYUet2RGd4x6tOjM8qVH4F5-tcg_8ZHpi5oN7wGDGchCRIY_F-H8AR8bcS7Ohg6v3Ss3BzQYhG9w,126,Jayce,blue,NONE,2,4,1,2840,651,2023,6692,3070,3158,2031,1055,3133,3340
3955126723,nfnMwU84gT14cYFCVUKPLoFi9g7V_z5_rY5RzvMvKRU5jBXn9YT47TdMF9hUlvu3NIumkNkMunjSwA,131,Diana,blue,NONE,4,3,3,1172,4522,9236,1082,1028,3115,1028,3047,1052,3364
3955126723,Pb5CaBHayaiIy3H-2DDX9QpQADpCY0T9xseXPDwQmSRy6otjoa2nu3ab1Y0q3LCTiAxYZNW2fawHPQ,157,Yasuo,blue,NONE,6,6,0,6474,774,1110,1055,2031,6673,3033,3006,0,3340
3955126723,sdCLGBaefbNT2vLcml1-jrekwgg8I5SW3aIIZz_U_l_FzuloCdLRaKila9KyLAc-mV1SiHQx9BY9Ug,81,Ezreal,blue,NONE,2,5,2,4779,1505,891,2031,3070,3051,3057,1055,3158,3340
3955126723,hDxcwtSdh6IPViWQED9Q3M7V5L9q_MazO8pPauf4NjJi0G256OFYmL5H1Btw3FbMIXLwDgGkKQE0HQ,267,Nami,blue,NONE,0,6,7,904,2915,134,3851,3158,4642,1082,3067,0,3364
3955126723,9L9dk9JNtkEqCjr9uvTIbZ1OZ6fDPVQGmeO-mPinQPbwKpVE84NrIZdeJbCNMvG44bDqBl_97GpGHQ,429,Kalista,red,NONE,3,2,6,8540,28,5319,6673,3006,1042,1055,3086,1042,3340
3955126723,S3onIYJFA51ixgBo91YclB_C_amOpeR1rGE03vqs_GOJ2Ykcj8TW3zm8swqAqgox-IFVvMcZcsYhBg,56,Nocturne,red,NONE,3,0,10,6068,823,10690,6631,2055,1033,3143,0,3158,3364
3955126723,NL_uSNVVDcVvrKogI1R_Q4HCc8Bf25SRgEWM4sgkOUllEwiAJ0y92R6aOx6Oo36lxwP1Mb6H0OVhTA,134,Syndra,red,NONE,4,5,1,1000,4382,3385,2033,6655,3070,1058,1056,3020,3340
3955126723,LxHYoTf2tzICSLJLM2dTaum_bPIlsyzQBeuvwEGyMpcd5z8kAAbvy443rab2m2WACuSa3bAWlsdBSw,110,Varus,red,NONE,13,4,2,11732,3277,1964,1055,6693,3004,3158,1037,3134,3363
3955126723,GpI0k1jPztFe4wh7nzeirQdFKiye4UQeI_TrzwkrwBObH8ENDpcHPXwt8wekoUNeB2b9uBF7YEFqTA,37,Sona,red,NONE,1,3,12,1060,3263,1315,6617,1004,3853,1052,3158,1082,3364
3962426541,BdoqGmFDoTm2lUAMcOSzjT5Nra78iV22abFLv4aW9dGuS63AgCvqE6PQh9sT1eSNcNSAcNAufz9_Fw,36,DrMundo,blue,TOP,4,5,7,4509,12481,6727,0,6662,3143,3111,3075,3066,3340
3962426541,G00WD9CtQxanPPdUlX0U8nWyqPIGeEJD-JcfNzhokg3lsaA8GZv8-IQafQDuw5xRDVokJZUWXSh8Ww,64,LeeSin,blue,JUNGLE,4,6,8,11436,2519,18906,6692,0,3047,3082,3053,1028,3340
3962426541,S-Ox77Eu3oJHqLsOy3_xgNQrnayMHuwlFyoWCbqhbizCKY_da8XapZmaVu-ex3x8WSvQrH3l6ppqoA,23,Tryndamere,blue,MIDDLE,9,6,8,18365,109,14655,6631,2420,3508,3158,3095,3046,3364
3962426541,z5ei2kjea6rNdZxzX5ZGqg3m-iGtxbIyPt_0J9LXWmRE0r_pcFGqzNQ8ysO2izsVDDvgl6QRUtEPmQ,69,Cassiopeia,blue,BOTTOM,9,7,10,648,21298,9777,3157,3143,2055,1082,6655,3040,3363
3962426541,Dgtw-aF4vOj2XwXABJb-awONchPko7mbj9HeewrriiMim0jdlhP_tKZZQkZ8Vcgqs4lndgtWhyv9ew,89,Leona,blue,BOTTOM,3,7,16,2646,2823,1247,3857,1011,3190,2055,3067,3047,3364
3962426541,7d_J3UFTHy2c6tfuoWqYrOSsmiYXThdEtK1pfd8d_ieQoKvcgwOKy2K-ezMLGT-tHJYrzLIcjL5-EA,43,Karma,red,TOP,4,5,14,2043,11696,8444,6617,3158,3011,0,3504,3114,3363
3962426541,Brof4mJz6keZ3Qj6uAZXX17jgSUhPCGrLdxNTY-xwBsnkRe7FE4SyLjGgbfaHaGz7gO3kE1qzj7WDQ,203,Kindred,red,JUNGLE,14,9,11,32788,6330,32216,6672,3031,3046,3006,1018,2015,3364
3962426541,kPz11cp_FSA0KpEjfy9pBPN_X1KrufLULB8wejGpLgUHCH2GNWSPtWphQqWihL8pcnd3j4L_sZuOog,7,Leblanc,red,MIDDLE,6,4,8,3104,19149,3515,4629,3916,6656,1082,3158,1026,3364
3962426541,CLzlEUJl6D6RMrQX_TxKx1ZcvL3wnTDVcTWBJr_PfpvzeM0lbFt2DJx7F1gM25ca_CWkAS5cjRwFrw,18,Tristana,red,BOTTOM,6,2,13,15718,1472,29868,1055,1031,3006,6672,3046,3036,3363
3962426541,5clwNTCtJziK9n44cI39vaGMlm7XBpLQAJ4lbKI1CcKbv3TyiskSzlxA7LHQ2OZ6tRu5WSnEtuGQGw,111,Nautilus,red,BOTTOM,1,9,14,2118,6637,1992,3111,3190,0,3860,3067,3082,3364
3962586141,2foMTexxxJ-iu0o0GTkyyuEudQo7MkS3yts1nenX42MGS_fJ9PCDqTdZQ682vsMZ7YhDdD3YiB1kyw,236,Lucian,blue,TOP,2,7,5,15778,2018,6704,6671,6694,3057,3133,3123,3047,3363
3962586141,tBxPNwzkEhLHzadi1wFMm45UPud5qt_ZDSkIeaWvO3_GCfeMKCbsiwDirFIL10lXEh37Y7quoJC4iA,13,Ryze,blue,TOP,8,5,7,1317,25622,13775,3157,3040,3135,1058,6655,3158,3363
3962586141,CdzpNag7YqcPECYGxyjJzbkYvDSiVD8rY01lvPlgkKiFnmnNTbg5X1eQVuPnTjnslcv_8ymzwgxDRg,203,Kindred,blue,JUNGLE,9,10,7,14532,4036,29343,2420,3006,6672,3094,6695,1031,3364
3962586141,Y2uLAHCD0ThukUoj2oS2loOBMpYD8E725amb588bZ2E1lN_tgRhvT_xuPf1CqgI3cOtWVOZeUlomnw,523,Aphelios,blue,BOTTOM,9,4,8,25000,763,20604,1053,6672,3031,3006,3036,3085,3363
3962586141,6N4ZJhlkLpiRnpvNHO2qj5vgdQSVRV53n221v7IZwScjz0LRNaWtWFgYf-355mSj9grNwQnZnL4N9A,412,Thresh,blue,BOTTOM,1,5,12,500,3472,630,3222,3857,2065,0,3158,0,3364
3962586141,3OYTqaVwCIACq5eI5_L-EbpH1BlXv-Qsu9bONtFeC7k-8mt5v9XidYOvmMp6CAfusnZyRv7KxTWRiw,62,MonkeyKing,red,TOP,12,3,9,16902,3520,29441,1038,3143,6632,3065,3071,3047,3364
3962586141,cvMTJOljK3yZjjesbFPI3JMnncQFtjhZeJ6rG_7VwSmCMEasAhO1dp_hchY8gUpqPCLhvuyu6M866A,64,LeeSin,red,JUNGLE,7,5,14,16067,2886,13264,3026,6630,3075,3047,2055,3053,3340
3962586141,I8eGsoRPnpkflESgLoFoMy7GGbgAE_hSmfWlbTEmEC_7R8kc4XHBbEVYzecMTS-ny9Jgjmbj3tvBlw,117,Lulu,red,MIDDLE,2,5,21,1522,9124,6184,3011,3158,1057,3041,1004,6617,3363
3962586141,k9A9CCDWs0MCdu28OgIBGzQSKHQfs-m1HvEoiTJKYIbv-hXz8PojlYrmypRVF34Cez1FOfGNMAH4Yw,110,Varus,red,BOTTOM,7,10,5,23720,3081,13766,1037,6694,3134,3158,3042,6693,3363
3962586141,YTrJREld_xMSed5NskuNxKYWXK9Dv04W0p3hnQ6VpR6Tl8mPztZFqGqw1v6kyRB78bzqvwPlh69uUQ,43,Karma,red,BOTTOM,3,6,20,1835,9839,1190,0,3853,3158,3011,2065,3114,3364
3964251179,Km11bu-uBDjS-wo49cTahGv1LuI8F15Ktgg-VyZZZEW2AKlFKJwXTWfxCHjY5g0bzwUaT7gCCawthg,36,DrMundo,blue,MIDDLE,9,3,10,7803,16184,12125,3105,3143,3068,3111,3065,8001,3340
3964251179,N7eywovk8Gul7LdFInogTOtAfQ2xYk7qeid-L0w_Wx2McASEpxqwrs4iU1QU-SezZENj-SXInA0PIQ,121,Khazix,blue,JUNGLE,9,7,8,16768,892,28854,6695,6609,3035,6691,1036,3047,3364
3964251179,ftM8Jd1AHbLAMu9zveZnS5YW1ZMOpLN2AV7Dt1NYARkEBwYDFZ-hHObsldvA-z7nAkcRyYPn62Aqlg,1,Annie,blue,MIDDLE,9,7,8,1003,29011,10450,1082,4629,3152,2055,3089,3020,3340
3964251179,nAasd8NetCNY0YUByKx6DRfJzru-BizgLqgt_aIkFRIZTgvy4Bt3N0ETQWhk2BnW5QVXjlkdX8BkQQ,202,Jhin,blue,MIDDLE,8,3,18,20865,1876,35196,1018,0,6671,3031,6676,3009,3363
3964251179,3srdaNkSwevtOCaPm6BKk2PXWOpBv_hLZxmjPesWUmIozzQ1-kqvisT0LNS5d1eDLeqJcXTPzi7Wlg,53,Blitzcrank,blue,MIDDLE,4,7,20,2446,9010,4821,4643,3860,6664,3001,3009,1029,3364
3964251179,4hzHvIfjfNJz2iIBe-JcKqaBLOBEIm8IiLVmkyEQ1f3ux5YnjnQYx7c_266azPwuNBU7x2HEAuKG9A,17,Teemo,red,TOP,8,5,0,3279,19186,15040,3102,3165,3157,3115,4633,3006,3363
3964251179,TWPGjieDqxZuiyqPTValEFlfUEPwhg8y5oqf5o4yLgOeWncy5_AXTRy-H0sG8zKvE2Unc95SllMZpQ,5,XinZhao,red,JUNGLE,5,8,8,15415,1582,23493,3053,6630,3047,6333,0,0,3364
3964251179,AplC0Pi5oAzauBLA8mL7Not9vzA22eBrIYA65P9DQFoHYdtYiHDFYeDkomE2hlnJfejDQFFQ_SnpbA,84,Akali,red,TOP,8,6,3,1236,23737,648,3020,3157,3152,3135,1082,1028,3364
3964251179,xlewdqd_u9FAKDLYsS1Qn_rK62hp18QBxzIWam6tTaEnzPYJRfJz3_IabBnR1yGKZv62aXWI1t42NQ,222,Jinx,red,JUNGLE,5,9,9,23622,352,8466,3035,3046,6672,3006,3031,0,3363
3964251179,Y474acu5c2G0l6wjKTVMWtsEcWdH6E3Ts1nom_dO1PUvLO4RJLfDkVn_Tze-1z_26xqBugJTtVr9kw,43,Karma,red,BOTTOM,1,12,9,1084,8209,1263,1028,3853,3107,3024,3009,6617,3364
3962031947,F7oxuRYJ6J4HY3eNp3eA-wPhTPzf2F9tbCZ2HTcWKZ1jz8YV0SwrrzM9ZMYTvM6FD9hs6VsnLVEefw,39,Irelia,blue,TOP,3,7,8,10676,4992,14296,3053,3153,0,6632,3047,2055,3363
3962031947,bqfIeTs3IlOp700HYB0ZiKyr4492zIEa9iWQPgqJFmKwnpi_TRbwZCvPajwzra0Ye_ge-U80vGGsbw,30,Karthus,blue,JUNGLE,5,5,13,269,30022,48093,3157,4630,6653,3009,3165,1026,3364
3962031947,0a6K0yc4QiCaU1-JIWaRhuY4jVxlmxjzetzAKqN1w0d-jhl1gVucKEOZ54yExzVMpypEkD3clgWS4g,55,Katarina,blue,MIDDLE,14,6,8,2070,20782,698,3191,3115,3089,1082,4633,3020,3363
3962031947,xp--mCIsOoIWBVsR12Hs9hSs3ecAmfDzb49l2S3azO06jU8JpOJjvD1Oy5YD6_lXgssXyoawk4xpBg,110,Varus,blue,BOTTOM,9,6,14,20542,4838,15440,6693,2420,1031,3158,3042,6694,3363
3962031947,8s7AZkfOZ_WqCXMozYFmf6ZvL1d4L0M2UNbNWHkwprRnJKlsaoL0kZbiMfEt5hf9ee6rVll_B1nZUA,37,Sona,blue,BOTTOM,5,9,21,2067,10652,3455,1082,6655,3853,1052,3020,3100,3363
3962031947,Tw9Q-mSiQONooATCRBMFyn3n5aFaZJNCbXaonmMBnLkEJfJVOzGRdd4hRTk6lffOLEa9RZf8sjMnZQ,98,Shen,red,TOP,4,5,13,5481,6586,984,2055,3001,3107,3047,1028,6664,3340
3962031947,88gtlKUnsY3DxwjqYqpBQKHpaTr3NB83OY_XGnayG4HreEEAwj17t1H2ahHBvK4AdmxxVGd7yvtv_w,131,Diana,red,JUNGLE,11,11,3,2670,16126,17739,3020,3165,3157,3152,4632,1052,3364
3962031947,36H6_5bVJbG5uA8Dd_FKGIR_S-2GI74_xbXkgYnDolzj8ZaAO0pmJJAe88TrsEnkEwECOvDbAPwFPw,238,Zed,red,MIDDLE,12,6,2,26336,1110,1856,6691,3814,3035,3133,3158,3142,3364
3962031947,imb19kIaUZ8uXhUjpybbbVYucpx4AfvF3JJn1F-IOfR_uaoiZIlrBRzJGF1gtlJeeRwogxKYS9adNQ,81,Ezreal,red,BOTTOM,2,9,8,7272,5382,5246,3158,1027,1029,3042,6632,1055,3363
3962031947,IUZIkJgGU7UKGNWb3o0UvN6Yo4M__6-b_29c1iWz9gifWP-5rNkB0czJHQdV03pVU4Z_guxuqVIPUA,432,Bard,red,BOTTOM,3,5,18,2017,5981,747,3860,3107,3190,3916,0,3111,3364
3962498591,iScw_wp4AJikkPv5qegNWE7j3rYTRnvbOW3BBfVmokzNIjm9YDIdUrnZmMK05KHr8IUyR_17hqvEAQ,154,Zac,blue,NONE,1,2,1,445,4223,301,2031,1056,3065,0,1001,1082,3340
3962498591,bqfIeTs3IlOp700HYB0ZiKyr4492zIEa9iWQPgqJFmKwnpi_TRbwZCvPajwzra0Ye_ge-U80vGGsbw,30,Karthus,blue,NONE,1,4,0,24,5154,2564,3020,2031,3145,1028,0,0,3364
3962498591,QQCgqvdwZDk3AKAJs-zuq3PB3pprSzTt8M5wn3wPUSCeCWU524bl49C0RLXD6pCclTMIMZmOaeFrGA,55,Katarina,blue,NONE,1,3,1,784,3594,263,3115,1055,0,2031,0,1001,3340
3962498591,Z1C9SpfLR7u-24AY4mqYuIUPZQDBW7-6qAzW7pwLRCvjEYGOZhRPmIrlqdeFM-Y-dgf8eUDLZfOVFg,360,Samira,blue,NONE,1,1,0,2237,169,280,1055,1053,6670,1001,0,0,3340
3962498591,gzS9PciQfnjlC-tYd_SCML3ip0bVH6t7MBLgr_Tp7Ah53sqKcYs1ySYEU8EHQw4OD_0ddc5juk0viQ,555,Pyke,blue,NONE,1,4,2,2108,0,249,3134,2003,2010,3854,3117,1036,3364
3962498591,Mw_wITz-hAtFY3clbrvV4gYXH7GiTAhYzb9ooRQBqKj0x9M_VSbLqPZB7jJ4d91JSyj09o98vtbRQQ,887,Gwen,red,NONE,4,2,1,2212,3642,7060,1043,1001,4633,1026,1042,0,3363
3962498591,WOtZORYEIy1YXdJlVIRcF2Bx5Atygryh8VttLwCcv3Fx_9lBltLnRnZrXrwc5hZaoDSX3sX2PYSvPw,19,Warwick,red,NONE,0,2,2,786,1573,13870,1001,6029,3067,1036,1042,0,3364
3962498591,ytJHwlkXNyi25oae1tiDq_lSetlNkAi98KVPYIMgYHhPrzs4peQOadLREC5j4zXhM8pvXglaqzpAqA,517,Sylas,red,NONE,6,0,3,213,9328,2090,6656,3108,1056,3158,1028,1082,3340
3962498591,3Ng9Jimd5gI3lIGU7cwN8ZdviQMz4rTSAaWEpmqMsTttcGfsGOsTgH7N-bFAvt_emG7kNNJvLIsLkg,18,Tristana,red,NONE,3,1,2,4307,822,9080,1055,3086,3006,6672,1036,1036,3340
3962498591,cs1TMSFxRKqBwNz-1jhkYaI1VXsf9C5vu0WgZympGX0qeoUb7oJCYpSaTdq0UVHoDV8YHepHPPaKtQ,412,Thresh,red,NONE,1,0,7,559,1451,3592,3190,3855,2055,0,0,3158,3364
3962208596,pL6UEs9ijqTURM5VVQ6nlHJ6bzKqvjGN38fentBssNtO0PGISsk-TGekZ1E3thyCvr1y0kDyf8qfaQ,92,Riven,blue,TOP,1,5,1,4362,103,0,6631,1028,3158,0,0,3133,3363
3962208596,k1QJs9ir0TzLIKDX9AKefT600QvrGIakMrlm7js94Of0nh7vs_k33y4eC_RvkysgwOD-E2mfS83tig,234,Viego,blue,JUNGLE,5,2,3,9354,2134,6166,6632,3047,1043,1037,1053,0,3364
3962208596,z0XYhpciZg4txPTWEVfEsRHOtBswi2dIWUfoxNvZOW6j-q2XBVLFId_39dKR_AXZ1yKcXXUY89Wxng,55,Katarina,blue,MIDDLE,2,4,2,438,6363,3011,3191,2031,3152,1052,3020,1082,3340
3962208596,DXLJtU3HO-3tGzVN5L8_M3XhoGA5L38NI9-gsCw0rmRQbOplzZLj7aDb2j_DjvjfTY512gIdZfNmXQ,429,Kalista,blue,BOTTOM,0,4,3,5413,1430,1234,1036,3006,1055,6673,1036,3086,3363
3962208596,3LaaOC_fpcx8LP5dlWsnU6h5ezlDs6PBFbjyiXuCoqNt_Lpo-wnk7_yjynu02grN7eyqvtY4fTiVPg,89,Leona,blue,MIDDLE,1,3,5,2006,3299,41,3857,3190,2055,3067,3117,0,3364
3962208596,V1AhigiVPDzV18Khibzu8l3V8eT6NpKkLO3nVNpAuUMJhiIEP-HDgxfLUQcGmxNm7umFgdEH_e_KnA,58,Renekton,red,TOP,4,3,8,13045,1211,4432,3053,2421,6630,0,3047,0,3364
3962208596,cT-ivKcobZikK8ai9uVafrDAnC0WfdQKpC_0MkoAexuFrUitQseQktlnAUc53bSNAyLScDHQPy7Ipw,30,Karthus,red,JUNGLE,3,2,9,127,12515,34156,4637,2031,6653,2421,3020,1082,3364
3962208596,CXTIQI6g5aqoi4TvmNwihrAisioUh5W8u7LG_zEGD3OGgiuefbuDXvHBqRAe1z1KyJLgHiIqfdxCuw,99,Lux,red,MIDDLE,2,1,9,807,7907,6053,1056,3020,6655,1082,3145,1058,3364
3962208596,JYrRsEurWlnIkvbWylJqLM6fDEAL0mFvSflQuvV3Na0lMcRFncey5qcpsJAJd7cVmfltt9LLp0yUMg,222,Jinx,red,BOTTOM,9,1,4,11495,130,16995,3085,1055,3006,1037,6672,0,3363
3962208596,RriVse2mKaQI68b7YuBpuw0wEJz3SmIIdnFC2InGf3z2oTFa0X1PWku-uUr8CY9nBnpc6jwZXOQV2Q,12,Alistar,red,BOTTOM,0,2,13,517,2360,1339,3801,3190,0,3047,0,3860,3364
3964679285,GknFPseq9ZcqW0Me6B0mkDzi05hjX-dMbFFnsPoS9vIY-Z9tJtbS6nULmxeh2ysFrLpBEBT4nxtVYg,64,LeeSin,blue,TOP,6,1,13,12331,5345,15270,6630,2420,3047,3053,6609,0,3340
3964679285,fVm4gZ7NBDxvfSD5tFhJb-o3QXOZQ8AEQfEFEDEHvWPnlpjzUKG-ioX0dMctTYJMqFR0X_8-ShwVpQ,203,Kindred,blue,TOP,23,8,8,33948,12144,40878,6672,3091,3006,3085,3031,3072,3364
3964679285,yhvc7UXpaSWfEi2ltdKrsWlSynWbPQI7wwYd7QRoUPI7LBAvE2rP6pxP6uy8PMzRC8Uj9gwhTh-4Pg,117,Lulu,blue,MIDDLE,2,1,26,1603,8675,2289,2033,2065,3011,1052,3041,3111,3363
3964679285,3BP0KHzWr_xxvW-5jHGafu1O_e558013CQQEN8lrVQm5dutJ9f-k-C7SmAnJ7WVG6GhigjFpf0FEcA,523,Aphelios,blue,TOP,0,7,8,6940,447,8148,1055,2424,6673,3006,3085,3035,3363
3964679285,SGIBDYoE1tKlV-epZDk4nULich3CbLaXD9uBP_XfXbojDRG3KyYL2NTRGY4Vu-YeZhzBCx9c80Pecw,12,Alistar,blue,JUNGLE,3,3,26,1033,6803,70,3109,3190,3860,0,0,3117,3364
3964679285,3OYTqaVwCIACq5eI5_L-EbpH1BlXv-Qsu9bONtFeC7k-8mt5v9XidYOvmMp6CAfusnZyRv7KxTWRiw,875,Sett,red,TOP,4,7,4,12800,0,17146,3053,6631,1028,1055,3082,3047,3340
3964679285,DIUkmh6QTv1b__kMhf4VqbcLDTb1sX71kCqeNRA2PEMmArRrAB7sqw_TD12FUMwTcqjxW9yUNUCwQA,131,Diana,red,JUNGLE,6,6,10,2343,15066,21264,3157,3152,0,3020,1058,3135,3364
3964679285,iUnWASwqEFigk1lIqPESf-zvBRlDPn8mIEuNyt6x9hfz105rqjigB1IaO9kU0-u5iTDhSHUm5Gj1Mw,13,Ryze,red,MIDDLE,3,10,5,842,13201,5914,0,0,0,0,0,0,3340
3964679285,S0fIrO8Q9ct3Q1cnyyFa0rLHW3dsyJKd9JEU6SS7bS2cpWSQoBFqfp_MW9fyHB9LsvB4BKdfwVgXMA,429,Kalista,red,BOTTOM,7,3,4,18727,300,9240,3124,3033,3085,1053,3006,6673,3363
3964679285,Kl-BbONAy59iREhvTNJLTaguL502FgOgNNcNoZdZ8AidvjJhHoQfVOaCGs0pNusdvirpNWtZKY2w1g,412,Thresh,red,BOTTOM,0,8,12,886,3977,1419,3857,2055,3047,3190,1011,3076,3364
3960854013,CTFQLmuc34ZDL7N3XQImvnJYjQj9166Xs1fzcbcrk2c9JCW5V3XSPDy9FQosCge3iSNWqC57mk_T3g,126,Jayce,blue,TOP,4,7,9,20139,3815,4255,3814,6692,6695,3047,3035,0,3363
3960854013,0wqhNEUOU2IoebS6F4IilLKEetUrksXoM_moe6-TC0XGgHDO6n8vjVSzZc_HCJC7neHPfhNPxWiVUQ,5,XinZhao,blue,JUNGLE,12,9,12,33990,1636,20072,6632,3143,3091,3047,3053,1011,3364
3960854013,H6F9D9HR6-0L37WnW4atXDa__zzWFcvNzsQviqGrm1GREJ0fCvAcwKvyeNG8jwhD-gxKGILTWhHXxQ,84,Akali,blue,MIDDLE,10,10,10,860,24580,4355,3135,3152,1082,1058,3020,3157,3364
3960854013,atULxUuYm4V6FCT2FhKe__YUB9B06CxGR55dGz-YuEg60yNQ9WlE9isEe62eb95G6O8y2Q6wyDyS1A,45,Veigar,blue,BOTTOM,3,10,9,732,22931,376,6656,3070,3135,3158,1082,3089,3363
3960854013,6VUNUvIJbhRHCS7RG6NT9fzJ9hGkXJc52bYb-i1X8Y3039YUSLqLPS27byWmSQPZ7I9gqxLLJ4BApA,43,Karma,blue,BOTTOM,3,10,18,1240,12296,5593,3041,3853,2065,3158,3011,1052,3364
3960854013,DkylxzgPUEo2qUwOcBs3DvDyibibdahUJlf36khg2UI-j4VvKgzrI6hxOtgGKqiCGo66fzI2k2OEBA,157,Yasuo,red,TOP,0,9,7,8120,595,21036,2055,6673,3006,3033,3211,6333,3363
3960854013,oUyqyp8hAbM4jOPrKyQ9PCkQvOyeNALvYhSWxHCHWnF-uY6G51zqDXBs2-znXF7z7TGfmkDor_slMQ,234,Viego,red,JUNGLE,22,5,10,36984,8623,33510,6632,3071,3053,3111,3153,3026,3364
3960854013,4r46p7SuyBLhGZhgSdGigbE9ujT09deVz6VwruBQPOeRZ6s1u1N-W6KW8xsAN8WisNACWbiwvz-iuQ,246,Qiyana,red,MIDDLE,12,6,9,28119,2877,9913,3158,6693,2421,3814,6695,6694,3364
3960854013,AYoErnR695D1efgjUHCFRQki3WmWCq0xSwan67_krs3UQBKfh5GC9N2k3sCYs7FHzC0bpa3qGoq6kQ,50,Swain,red,BOTTOM,9,7,12,1218,34407,4887,3165,6653,3111,1058,1082,3157,3363
3960854013,oSW5L9bfzocZW3drImWLIlKdcALxgr7www8NEbfhZkq-Ho0xYyzFgwwpUToUlUc-viX0-fCSYPz4Jg,117,Lulu,red,BOTTOM,3,5,25,1119,4718,2267,6616,2065,3860,3158,3070,3504,3364
